DATE,STARTDATE,STARTTIME,ENDDATE,ENDTIME,RESPTI,CPUTI,QUEUETI,TASKTYPE,TABLOAD,DYNPRONR,REPORT,ACCOUNT,MANDT,ROLLINTI,ROLLOUTCNT,ROLLOUTTI,LOCKCNT,LOCKTI,UPDTI,USEDBYTES,TRANSID,TCODE
5/24/2023,5/24/2023,12:03:49 PM,5/24/2023,12:03:51 PM,1541,940,40,FE,0,,RFC,RFC_PIR02OTC,100,332,0,0,0,0,0,20398,049a414ffa2b11eda1b60000080356c8,
5/24/2023,5/24/2023,12:03:49 PM,5/24/2023,12:03:51 PM,1551,920,0,FE,0,,RFC,RFC_PIR02OTC,100,161,0,0,0,0,0,20398,049a414ffa2b11eda1b60000080356c8,
5/24/2023,5/24/2023,12:03:49 PM,5/24/2023,12:03:51 PM,1842,1200,31,FE,0,,RFC,RFC_PIR02OTC,100,139,0,0,0,0,0,20398,049a414ffa2b11eda1b60000080356c8,
5/24/2023,5/24/2023,12:03:49 PM,5/24/2023,12:03:51 PM,1894,1220,70,FE,0,,RFC,RFC_PIR02OTC,100,178,0,0,0,0,0,20398,049a414ffa2b11eda1b60000080356c8,
5/24/2023,5/24/2023,12:03:49 PM,5/24/2023,12:03:51 PM,1957,1260,43,FE,0,,RFC,RFC_PIR02OTC,100,182,0,0,0,0,0,20398,049a414ffa2b11eda1b60000080356c8,
5/24/2023,5/24/2023,12:03:51 PM,5/24/2023,12:03:53 PM,1265,760,66,FE,0,,RFC,RFC_PIR02OTC,100,359,0,0,0,0,0,16303,049a414ffa2b11eda1b60000080356c8,
5/24/2023,5/24/2023,12:03:51 PM,5/24/2023,12:03:53 PM,1311,760,59,FE,0,,RFC,RFC_PIR02OTC,100,182,0,0,0,0,0,16303,049a414ffa2b11eda1b60000080356c8,
5/24/2023,5/24/2023,12:03:51 PM,5/24/2023,12:03:53 PM,1322,750,59,FE,0,,RFC,RFC_PIR02OTC,100,332,0,0,0,0,0,16303,049a414ffa2b11eda1b60000080356c8,
5/24/2023,5/24/2023,12:03:51 PM,5/24/2023,12:03:53 PM,1331,840,75,FE,0,,RFC,RFC_PIR02OTC,100,139,0,0,0,0,0,16303,049a414ffa2b11eda1b60000080356c8,
5/24/2023,5/24/2023,12:04:49 PM,5/24/2023,12:04:51 PM,1688,1010,49,FE,0,,RFC,RFC_PIR02OTC,100,99,0,0,0,0,0,53119,2cfb5498fa2b11edbcde0000084ad96c,
5/24/2023,5/24/2023,12:04:50 PM,5/24/2023,12:04:51 PM,1642,990,40,FE,0,,RFC,RFC_PIR02OTC,100,178,0,0,0,0,0,53119,2cfb5498fa2b11edbcde0000084ad96c,
5/24/2023,5/24/2023,12:04:49 PM,5/24/2023,12:04:51 PM,1714,1000,46,FE,0,,RFC,RFC_PIR02OTC,100,332,0,0,0,0,0,53119,2cfb5498fa2b11edbcde0000084ad96c,
5/24/2023,5/24/2023,12:04:49 PM,5/24/2023,12:04:51 PM,1760,1020,66,FE,0,,RFC,RFC_PIR02OTC,100,121,0,0,0,0,0,53119,2cfb5498fa2b11edbcde0000084ad96c,
5/24/2023,5/24/2023,12:04:49 PM,5/24/2023,12:04:52 PM,2154,1020,54,FE,0,,RFC,RFC_PIR02OTC,100,174,0,0,0,0,0,53119,2cfb5498fa2b11edbcde0000084ad96c,
5/24/2023,5/24/2023,12:04:56 PM,5/24/2023,12:04:58 PM,1541,920,48,FE,0,,RFC,RFC_PIR02OTC,100,99,0,0,0,0,0,28569,2f7ff201fa2b11edabb00000080356c6,
5/24/2023,5/24/2023,12:04:56 PM,5/24/2023,12:04:58 PM,1629,1020,67,FE,0,,RFC,RFC_PIR02OTC,100,150,0,0,0,0,0,28569,2f7ff201fa2b11edabb00000080356c6,
5/24/2023,5/24/2023,12:04:56 PM,5/24/2023,12:04:58 PM,1723,1080,86,FE,0,,RFC,RFC_PIR02OTC,100,81,0,0,0,0,0,28569,2f7ff201fa2b11edabb00000080356c6,
5/24/2023,5/24/2023,12:04:56 PM,5/24/2023,12:04:58 PM,2289,1020,42,FE,0,,RFC,RFC_PIR02OTC,100,174,0,0,0,0,0,28569,2f7ff201fa2b11edabb00000080356c6,
5/24/2023,5/24/2023,12:05:06 PM,5/24/2023,12:05:07 PM,1529,960,49,FE,0,,RFC,RFC_PIR02OTC,100,332,0,0,0,0,0,32660,36c24212fa2b11edb1bb0000084ad96d,
5/24/2023,5/24/2023,12:05:06 PM,5/24/2023,12:05:07 PM,1582,950,58,FE,0,,RFC,RFC_PIR02OTC,100,168,0,0,0,0,0,28569,36c24212fa2b11edb1bb0000084ad96d,
5/24/2023,5/24/2023,12:05:06 PM,5/24/2023,12:05:07 PM,1666,990,64,FE,0,,RFC,RFC_PIR02OTC,100,139,0,0,0,0,0,32660,36c24212fa2b11edb1bb0000084ad96d,
5/24/2023,5/24/2023,12:05:06 PM,5/24/2023,12:05:07 PM,1709,1100,70,FE,0,,RFC,RFC_PIR02OTC,100,81,0,0,0,0,0,32660,36c24212fa2b11edb1bb0000084ad96d,
5/24/2023,5/24/2023,12:05:14 PM,5/24/2023,12:05:15 PM,1506,980,48,FE,0,,RFC,RFC_PIR02OTC,100,99,0,0,0,0,0,16255,39d14645fa2b11ed88240000084ad96d,
5/24/2023,5/24/2023,12:05:13 PM,5/24/2023,12:05:15 PM,1531,990,57,FE,0,,RFC,RFC_PIR02OTC,100,332,0,0,0,0,0,16255,39d14645fa2b11ed88240000084ad96d,
5/24/2023,5/24/2023,12:05:14 PM,5/24/2023,12:05:15 PM,1555,990,61,FE,0,,RFC,RFC_PIR02OTC,100,139,0,0,0,0,0,16255,39d14645fa2b11ed88240000084ad96d,
5/24/2023,5/24/2023,12:05:14 PM,5/24/2023,12:05:16 PM,2494,1100,57,FE,0,,RFC,RFC_PIR02OTC,100,198,0,0,0,0,0,16255,39d14645fa2b11ed88240000084ad96d,
5/24/2023,5/24/2023,12:05:21 PM,5/24/2023,12:05:23 PM,1400,880,47,FE,0,,RFC,RFC_PIR02OTC,100,139,0,0,0,0,0,16255,3f14ff77fa2b11ed908b0000084ad96c,
5/24/2023,5/24/2023,12:05:21 PM,5/24/2023,12:05:23 PM,1416,920,54,FE,0,,RFC,RFC_PIR02OTC,100,198,0,0,0,0,0,16255,3f14ff77fa2b11ed908b0000084ad96c,
5/24/2023,5/24/2023,12:05:21 PM,5/24/2023,12:05:23 PM,1425,900,58,FE,0,,RFC,RFC_PIR02OTC,100,103,0,0,0,0,0,16255,3f14ff77fa2b11ed908b0000084ad96c,
5/24/2023,5/24/2023,12:05:21 PM,5/24/2023,12:05:23 PM,1425,890,79,FE,0,,RFC,RFC_PIR02OTC,100,110,0,0,0,0,0,16255,3f14ff77fa2b11ed908b0000084ad96c,
5/24/2023,5/24/2023,12:05:43 PM,5/24/2023,12:05:45 PM,1959,1210,55,FE,0,,RFC,RFC_PIR02OTC,100,198,0,0,0,0,0,16256,4ce8194ffa2b11ed9cb60000080356cb,
5/24/2023,5/24/2023,12:05:43 PM,5/24/2023,12:05:45 PM,2024,1230,61,FE,0,,RFC,RFC_PIR02OTC,100,90,0,0,0,0,0,16256,4ce8194ffa2b11ed9cb60000080356cb,
5/24/2023,5/24/2023,12:05:43 PM,5/24/2023,12:05:46 PM,2701,1170,38,FE,0,,RFC,RFC_PIR02OTC,100,150,0,0,0,0,0,16256,4ce8194ffa2b11ed9cb60000080356cb,
5/24/2023,5/24/2023,12:05:43 PM,5/24/2023,12:05:46 PM,2906,1250,40,FE,0,,RFC,RFC_PIR02OTC,100,110,0,0,0,0,0,16256,4ce8194ffa2b11ed9cb60000080356cb,
5/24/2023,5/24/2023,12:05:49 PM,5/24/2023,12:05:51 PM,1948,1180,47,FE,0,,RFC,RFC_PIR02OTC,100,90,0,0,0,0,0,20348,5098d4d1fa2b11edba320000084ad96d,
5/24/2023,5/24/2023,12:05:49 PM,5/24/2023,12:05:51 PM,2047,1270,58,FE,0,,RFC,RFC_PIR02OTC,100,270,0,0,0,0,0,20348,5098d4d1fa2b11edba320000084ad96d,
5/24/2023,5/24/2023,12:05:49 PM,5/24/2023,12:05:52 PM,2829,1270,39,FE,0,,RFC,RFC_PIR02OTC,100,150,0,0,0,0,0,20347,5098d4d1fa2b11edba320000084ad96d,
5/24/2023,5/24/2023,12:05:49 PM,5/24/2023,12:05:53 PM,3474,1330,66,FE,0,,RFC,RFC_PIR02OTC,100,110,0,0,0,0,0,20348,5098d4d1fa2b11edba320000084ad96d,
5/24/2023,5/24/2023,12:06:44 PM,5/24/2023,12:06:46 PM,1935,1150,64,FE,0,,RFC,RFC_PIR02OTC,100,332,0,0,0,0,0,20347,70fee504fa2b11edbd340000084ad96e,
5/24/2023,5/24/2023,12:06:44 PM,5/24/2023,12:06:46 PM,1972,1160,48,FE,0,,RFC,RFC_PIR02OTC,100,83,0,0,0,0,0,20347,70fee504fa2b11edbd340000084ad96e,
5/24/2023,5/24/2023,12:06:44 PM,5/24/2023,12:06:46 PM,1989,1130,69,FE,0,,RFC,RFC_PIR02OTC,100,171,0,0,0,0,0,20348,70fee504fa2b11edbd340000084ad96e,
5/24/2023,5/24/2023,12:06:44 PM,5/24/2023,12:06:47 PM,2655,1170,74,FE,0,,RFC,RFC_PIR02OTC,100,99,0,0,0,0,0,20347,70fee504fa2b11edbd340000084ad96e,
5/24/2023,5/24/2023,12:14:30 PM,5/24/2023,12:14:31 PM,1480,720,38,FE,1,,RFC,E1XV6,100,168,1,1367,0,0,0,61760,A2AB860C4F1B421C9E52C46F7ECDBE6B,
5/24/2023,5/24/2023,12:15:15 PM,5/24/2023,12:15:20 PM,5116,770,64,FE,1,,RFC,RFC_BODS,100,198,0,0,0,0,2151,8116,9C72C0249A790360E00646DAB77AFE69,
5/24/2023,5/24/2023,12:15:21 PM,5/24/2023,12:17:28 PM,127222,15460,43,FE,1,,RFC,RFC_BODS,100,212,0,0,0,0,0,8118,9C72C0249A790360E00646DAB77AFE71,
5/24/2023,5/24/2023,12:17:30 PM,5/24/2023,12:17:35 PM,5043,690,72,FE,1,,RFC,RFC_BODS,100,219,0,0,0,0,2305,8117,9C72C0249A7900E0E00645DBE7978FBD,
5/24/2023,5/24/2023,12:17:36 PM,5/24/2023,12:18:12 PM,36096,3960,88,FE,1,,RFC,RFC_BODS,100,191,1,316,0,0,0,8118,9C72C0249A790360E00646DAB77AFE87,
5/24/2023,5/24/2023,12:25:56 PM,5/24/2023,12:25:57 PM,1057,50,60,FE,0,3004,RFC,E1XV6,100,205,0,0,0,0,0,8129,2D6C3629A7CE41B78C8A38FD17A5B3F7,
5/24/2023,5/24/2023,12:26:11 PM,5/24/2023,12:26:12 PM,1082,490,62,FE,1,,RFC,E1XV6,100,110,1,1156,0,0,0,49053,E32E9D3BC0D44F79AA45C46114B5AC99,
5/24/2023,5/24/2023,12:30:10 PM,5/24/2023,12:30:11 PM,1022,810,97,FE,0,,RFC,RFC_MDGR02,100,204,0,0,0,0,0,4092,71436F95DF410290E00645DBE23EE8DE,
5/24/2023,5/24/2023,12:39:31 PM,5/24/2023,12:39:32 PM,1188,140,0,FE,0,,RFC,TMSADM,0,90,1,377,0,0,17011,6394,C7D087DEBCBB0260E006465A0F558A0C,
5/24/2023,5/24/2023,12:39:31 PM,5/24/2023,12:39:32 PM,1272,10,90,FE,1,,RFC,SMTMP01,100,205,1,193,0,0,9540,2398,C7D087DEBCBB0260E006465A0F558A0C,
5/24/2023,5/24/2023,12:39:58 PM,5/24/2023,12:39:59 PM,1039,10,60,FE,0,,RFC,SMTMP01,100,407,1,229,0,0,6291,2398,C7D087DEBCBB0270E006465A0F54DCE3,
5/24/2023,5/24/2023,12:40:18 PM,5/24/2023,12:40:19 PM,1008,10,57,FE,0,,RFC,SMTMP01,100,78,1,182,0,0,4839,2398,C7D087DEBCBB02A0E006465A0F4EE343,
5/24/2023,5/24/2023,12:44:02 PM,5/24/2023,12:44:03 PM,1909,610,97,FE,0,3004,RFC,ZB_BC_BATCH,0,131,0,0,0,0,11534,80085,9C72C0249A7905D0E00646647B994E39,
5/24/2023,5/24/2023,12:55:45 PM,5/24/2023,12:55:47 PM,1710,10,73,FE,0,3004,RFC,RFC_PIR02PTP,100,453,2,332,0,0,1675,2398,655e7890fa3111ed98660000084ad96d,
5/24/2023,5/24/2023,1:00:11 PM,5/24/2023,1:00:12 PM,1020,820,88,FE,0,,RFC,RFC_MDGR02,100,245,0,0,0,0,0,4092,71436F95DF4103C0E00645DBE236D380,
5/24/2023,5/24/2023,1:02:22 PM,5/24/2023,1:02:24 PM,1467,140,57,FE,1,,RFC,VPK2T,100,193,0,0,0,0,0,11741,FD0F542CEDDF405EBC77ABB0C85DF2CD,
5/24/2023,5/24/2023,1:02:23 PM,5/24/2023,1:02:24 PM,1243,170,93,FE,1,,RFC,VPK2T,100,196,0,0,0,0,0,16371,15C2B5300D274C5CBCB55F9B747C0876,
5/24/2023,5/24/2023,1:02:23 PM,5/24/2023,1:02:24 PM,1827,950,77,FE,1,,RFC,VPK2T,100,181,0,0,0,0,0,20367,6F577AF4644A490DA34D4BD88CC5E7CB,
5/24/2023,5/24/2023,1:03:47 PM,5/24/2023,1:03:48 PM,1589,930,72,FE,0,,RFC,RFC_PIR02OTC,100,100,0,0,0,0,0,20398,50640e95fa3311edba750000084ad96a,
5/24/2023,5/24/2023,1:03:47 PM,5/24/2023,1:03:48 PM,1619,940,42,FE,0,,RFC,RFC_PIR02OTC,100,196,0,0,0,0,0,20398,50640e95fa3311edba750000084ad96a,
5/24/2023,5/24/2023,1:03:47 PM,5/24/2023,1:03:49 PM,1910,1190,91,FE,0,,RFC,RFC_PIR02OTC,100,138,0,0,0,0,0,20398,50640e95fa3311edba750000084ad96a,
5/24/2023,5/24/2023,1:03:47 PM,5/24/2023,1:03:49 PM,1928,1220,75,FE,0,,RFC,RFC_PIR02OTC,100,90,0,0,0,0,0,20398,50640e95fa3311edba750000084ad96a,
5/24/2023,5/24/2023,1:03:47 PM,5/24/2023,1:03:49 PM,1938,1230,56,FE,0,,RFC,RFC_PIR02OTC,100,161,0,0,0,0,0,20398,50640e95fa3311edba750000084ad96a,
5/24/2023,5/24/2023,1:03:49 PM,5/24/2023,1:03:50 PM,1243,740,39,FE,0,,RFC,RFC_PIR02OTC,100,90,0,0,0,0,0,16303,50640e95fa3311edba750000084ad96a,
5/24/2023,5/24/2023,1:03:49 PM,5/24/2023,1:03:50 PM,1249,740,37,FE,1,,RFC,RFC_PIR02OTC,100,161,0,0,0,0,0,16303,50640e95fa3311edba750000084ad96a,
5/24/2023,5/24/2023,1:03:49 PM,5/24/2023,1:03:50 PM,1252,740,77,FE,0,,RFC,RFC_PIR02OTC,100,196,0,0,0,0,0,16303,50640e95fa3311edba750000084ad96a,
5/24/2023,5/24/2023,1:03:49 PM,5/24/2023,1:03:50 PM,1266,740,71,FE,1,,RFC,RFC_PIR02OTC,100,138,0,0,0,0,0,16303,50640e95fa3311edba750000084ad96a,
5/24/2023,5/24/2023,1:05:44 PM,5/24/2023,1:05:46 PM,1547,980,43,FE,0,,RFC,RFC_PIR02OTC,100,197,0,0,0,0,0,28569,afba80e7fa3311ed96b30000080356c9,
5/24/2023,5/24/2023,1:05:44 PM,5/24/2023,1:05:46 PM,1625,1010,75,FE,0,,RFC,RFC_PIR02OTC,100,100,0,0,0,0,0,28569,afba80e7fa3311ed96b30000080356c9,
5/24/2023,5/24/2023,1:05:44 PM,5/24/2023,1:05:46 PM,1772,1000,57,FE,0,,RFC,RFC_PIR02OTC,100,196,0,0,0,0,0,28569,afba80e7fa3311ed96b30000080356c9,
5/24/2023,5/24/2023,1:06:18 PM,5/24/2023,1:06:20 PM,1718,1050,35,FE,0,,RFC,RFC_PIR02OTC,100,196,0,0,0,0,0,24489,bebfb851fa3311edaf970000080356c8,
5/24/2023,5/24/2023,1:06:18 PM,5/24/2023,1:06:20 PM,1757,1040,77,FE,0,,RFC,RFC_PIR02OTC,100,266,0,0,0,0,0,24489,bebfb851fa3311edaf970000080356c8,
5/24/2023,5/24/2023,1:06:18 PM,5/24/2023,1:06:20 PM,1934,1010,43,FE,0,,RFC,RFC_PIR02OTC,100,181,0,0,0,0,0,24489,bebfb851fa3311edaf970000080356c8,
5/24/2023,5/24/2023,1:06:23 PM,5/24/2023,1:06:24 PM,1529,950,64,FE,0,,RFC,RFC_PIR02OTC,100,278,0,0,0,0,0,24489,c27b8a5dfa3311ed9af90000084ad96e,
5/24/2023,5/24/2023,1:06:23 PM,5/24/2023,1:06:24 PM,1523,950,62,FE,0,,RFC,RFC_PIR02OTC,100,100,0,0,0,0,0,24489,c27b8a5dfa3311ed9af90000084ad96e,
5/24/2023,5/24/2023,1:06:23 PM,5/24/2023,1:06:24 PM,1544,960,83,FE,0,,RFC,RFC_PIR02OTC,100,196,0,0,0,0,0,24489,c27b8a5dfa3311ed9af90000084ad96e,
5/24/2023,5/24/2023,1:06:39 PM,5/24/2023,1:06:40 PM,1463,920,62,FE,0,,RFC,RFC_PIR02OTC,100,190,0,0,0,0,0,24489,c4e08800fa3311ed84940000080356c8,
5/24/2023,5/24/2023,1:06:39 PM,5/24/2023,1:06:40 PM,1545,960,53,FE,0,,RFC,RFC_PIR02OTC,100,278,0,0,0,0,0,24489,c4e08800fa3311ed84940000080356c8,
5/24/2023,5/24/2023,1:06:39 PM,5/24/2023,1:06:40 PM,1548,960,70,FE,0,,RFC,RFC_PIR02OTC,100,196,0,0,0,0,0,28581,c4e08800fa3311ed84940000080356c8,
5/24/2023,5/24/2023,1:06:39 PM,5/24/2023,1:06:40 PM,1534,1000,74,FE,0,,RFC,RFC_PIR02OTC,100,197,0,0,0,0,0,28581,c4e08800fa3311ed84940000080356c8,
5/24/2023,5/24/2023,1:06:39 PM,5/24/2023,1:06:40 PM,1593,1000,39,FE,0,,RFC,RFC_PIR02OTC,100,151,0,0,0,0,0,28581,c4e08800fa3311ed84940000080356c8,
5/24/2023,5/24/2023,1:06:55 PM,5/24/2023,1:06:56 PM,1484,920,71,FE,0,,RFC,RFC_PIR02OTC,100,166,0,0,0,0,0,28581,d58237eafa3311edb06f0000080356c6,
5/24/2023,5/24/2023,1:06:55 PM,5/24/2023,1:06:56 PM,1478,940,49,FE,0,,RFC,RFC_PIR02OTC,100,207,0,0,0,0,0,24489,d58237eafa3311edb06f0000080356c6,
5/24/2023,5/24/2023,1:06:55 PM,5/24/2023,1:06:56 PM,1471,940,71,FE,0,,RFC,RFC_PIR02OTC,100,214,0,0,0,0,0,28581,d58237eafa3311edb06f0000080356c6,
5/24/2023,5/24/2023,1:06:55 PM,5/24/2023,1:06:57 PM,1538,920,42,FE,0,,RFC,RFC_PIR02OTC,100,197,0,0,0,0,0,24489,d58237eafa3311edb06f0000080356c6,
5/24/2023,5/24/2023,1:06:55 PM,5/24/2023,1:06:57 PM,1525,980,73,FE,0,,RFC,RFC_PIR02OTC,100,151,0,0,0,0,0,28581,d58237eafa3311edb06f0000080356c6,
5/24/2023,5/24/2023,1:06:59 PM,5/24/2023,1:07:01 PM,1451,890,73,FE,0,,RFC,RFC_PIR02OTC,100,172,0,0,0,0,0,24489,d683c119fa3311edc6810000080356c6,
5/24/2023,5/24/2023,1:06:59 PM,5/24/2023,1:07:01 PM,1467,930,0,FE,0,,RFC,RFC_PIR02OTC,100,197,0,0,0,0,0,28581,d683c119fa3311edc6810000080356c6,
5/24/2023,5/24/2023,1:06:59 PM,5/24/2023,1:07:01 PM,1460,890,53,FE,0,,RFC,RFC_PIR02OTC,100,214,0,0,0,0,0,24489,d683c119fa3311edc6810000080356c6,
5/24/2023,5/24/2023,1:06:59 PM,5/24/2023,1:07:01 PM,1463,920,39,FE,0,,RFC,RFC_PIR02OTC,100,166,0,0,0,0,0,28581,d683c119fa3311edc6810000080356c6,
5/24/2023,5/24/2023,1:06:59 PM,5/24/2023,1:07:01 PM,1484,900,59,FE,0,,RFC,RFC_PIR02OTC,100,207,0,0,0,0,0,28581,d683c119fa3311edc6810000080356c6,
5/24/2023,5/24/2023,1:07:03 PM,5/24/2023,1:07:04 PM,1465,930,0,FE,0,,RFC,RFC_PIR02OTC,100,196,0,0,0,0,0,24489,d6c903f1fa3311edce6a0000080356c7,
5/24/2023,5/24/2023,1:07:03 PM,5/24/2023,1:07:04 PM,1473,910,74,FE,0,,RFC,RFC_PIR02OTC,100,166,0,0,0,0,0,24489,d6c903f1fa3311edce6a0000080356c7,
5/24/2023,5/24/2023,1:07:03 PM,5/24/2023,1:07:04 PM,1473,920,58,FE,0,,RFC,RFC_PIR02OTC,100,197,0,0,0,0,0,28581,d6c903f1fa3311edce6a0000080356c7,
5/24/2023,5/24/2023,1:07:03 PM,5/24/2023,1:07:04 PM,1510,950,64,FE,0,,RFC,RFC_PIR02OTC,100,207,0,0,0,0,0,28581,d6c903f1fa3311edce6a0000080356c7,
5/24/2023,5/24/2023,1:07:03 PM,5/24/2023,1:07:04 PM,1520,960,78,FE,0,,RFC,RFC_PIR02OTC,100,214,0,0,0,0,0,28581,d6c903f1fa3311edce6a0000080356c7,
5/24/2023,5/24/2023,1:07:27 PM,5/24/2023,1:07:28 PM,1528,950,44,FE,0,,RFC,RFC_PIR02OTC,100,214,0,0,0,0,0,24489,dbdcd0fcfa3311ed87080000080356c7,
5/24/2023,5/24/2023,1:07:27 PM,5/24/2023,1:07:29 PM,1590,990,0,FE,0,,RFC,RFC_PIR02OTC,100,204,0,0,0,0,0,24489,dbdcd0fcfa3311ed87080000080356c7,
5/24/2023,5/24/2023,1:07:27 PM,5/24/2023,1:07:29 PM,1576,1000,85,FE,0,,RFC,RFC_PIR02OTC,100,207,0,0,0,0,0,24489,dbdcd0fcfa3311ed87080000080356c7,
5/24/2023,5/24/2023,1:07:35 PM,5/24/2023,1:07:37 PM,1448,900,85,FE,0,,RFC,RFC_PIR02OTC,100,214,0,0,0,0,0,24489,dc9e29b1fa3311ed9f720000080356ca,
5/24/2023,5/24/2023,1:07:35 PM,5/24/2023,1:07:37 PM,1483,910,0,FE,0,,RFC,RFC_PIR02OTC,100,197,0,0,0,0,0,28581,dc9e29b1fa3311ed9f720000080356ca,
5/24/2023,5/24/2023,1:07:35 PM,5/24/2023,1:07:37 PM,1476,920,74,FE,0,,RFC,RFC_PIR02OTC,100,166,0,0,0,0,0,24489,dc9e29b1fa3311ed9f720000080356ca,
5/24/2023,5/24/2023,1:07:35 PM,5/24/2023,1:07:37 PM,1471,910,53,FE,0,,RFC,RFC_PIR02OTC,100,196,0,0,0,0,0,28581,dc9e29b1fa3311ed9f720000080356ca,
5/24/2023,5/24/2023,1:07:35 PM,5/24/2023,1:07:37 PM,1467,920,46,FE,0,,RFC,RFC_PIR02OTC,100,172,0,0,0,0,0,28581,dc9e29b1fa3311ed9f720000080356ca,
5/24/2023,5/24/2023,1:07:43 PM,5/24/2023,1:07:44 PM,1531,940,84,FE,0,,RFC,RFC_PIR02OTC,100,172,0,0,0,0,0,24489,e187d2b1fa3311ed8dc90000080356c6,
5/24/2023,5/24/2023,1:07:43 PM,5/24/2023,1:07:44 PM,1566,970,70,FE,0,,RFC,RFC_PIR02OTC,100,171,0,0,0,0,0,24489,e187d2b1fa3311ed8dc90000080356c6,
5/24/2023,5/24/2023,1:07:43 PM,5/24/2023,1:07:44 PM,1556,980,60,FE,0,,RFC,RFC_PIR02OTC,100,196,0,0,0,0,0,24489,e187d2b1fa3311ed8dc90000080356c6,
5/24/2023,5/24/2023,1:07:50 PM,5/24/2023,1:07:51 PM,1439,890,53,FE,0,,RFC,RFC_PIR02OTC,100,196,0,0,0,0,0,24489,e6ef8b4dfa3311edb3970000080356c9,
5/24/2023,5/24/2023,1:07:50 PM,5/24/2023,1:07:51 PM,1427,890,51,FE,0,,RFC,RFC_PIR02OTC,100,172,0,0,0,0,0,24489,e6ef8b4dfa3311edb3970000080356c9,
5/24/2023,5/24/2023,1:07:50 PM,5/24/2023,1:07:51 PM,1472,910,54,FE,0,,RFC,RFC_PIR02OTC,100,171,0,0,0,0,0,28581,e6ef8b4dfa3311edb3970000080356c9,
5/24/2023,5/24/2023,1:07:50 PM,5/24/2023,1:07:51 PM,1468,910,43,FE,0,,RFC,RFC_PIR02OTC,100,166,0,0,0,0,0,28581,e6ef8b4dfa3311edb3970000080356c9,
5/24/2023,5/24/2023,1:07:50 PM,5/24/2023,1:07:51 PM,1458,930,70,FE,0,,RFC,RFC_PIR02OTC,100,197,0,0,0,0,0,28581,e6ef8b4dfa3311edb3970000080356c9,
5/24/2023,5/24/2023,1:08:04 PM,5/24/2023,1:08:06 PM,1530,960,74,FE,0,,RFC,RFC_PIR02OTC,100,166,0,0,0,0,0,24489,e7f37eddfa3311eda37e0000080356c7,
5/24/2023,5/24/2023,1:08:04 PM,5/24/2023,1:08:06 PM,1567,960,63,FE,0,,RFC,RFC_PIR02OTC,100,197,0,0,0,0,0,24489,e7f37eddfa3311eda37e0000080356c7,
5/24/2023,5/24/2023,1:08:04 PM,5/24/2023,1:08:06 PM,1552,970,37,FE,0,,RFC,RFC_PIR02OTC,100,171,0,0,0,0,0,24489,e7f37eddfa3311eda37e0000080356c7,
5/24/2023,5/24/2023,1:08:08 PM,5/24/2023,1:08:09 PM,1520,940,62,FE,0,,RFC,RFC_PIR02OTC,100,197,0,0,0,0,0,24489,e7f795a8fa3311eda6e00000084ad96e,
5/24/2023,5/24/2023,1:08:08 PM,5/24/2023,1:08:09 PM,1521,950,75,FE,0,,RFC,RFC_PIR02OTC,100,166,0,0,0,0,0,24489,e7f795a8fa3311eda6e00000084ad96e,
5/24/2023,5/24/2023,1:08:08 PM,5/24/2023,1:08:09 PM,1557,980,77,FE,0,,RFC,RFC_PIR02OTC,100,171,0,0,0,0,0,24489,e7f795a8fa3311eda6e00000084ad96e,
5/24/2023,5/24/2023,1:08:11 PM,5/24/2023,1:08:13 PM,1484,930,75,FE,0,,RFC,RFC_PIR02OTC,100,166,0,0,0,0,0,28581,e829330dfa3311ed83d60000080356ca,
5/24/2023,5/24/2023,1:08:11 PM,5/24/2023,1:08:13 PM,1504,940,74,FE,0,,RFC,RFC_PIR02OTC,100,171,0,0,0,0,0,24489,e829330dfa3311ed83d60000080356ca,
5/24/2023,5/24/2023,1:08:11 PM,5/24/2023,1:08:13 PM,1488,940,69,FE,0,,RFC,RFC_PIR02OTC,100,197,0,0,0,0,0,24489,e829330dfa3311ed83d60000080356ca,
5/24/2023,5/24/2023,1:08:11 PM,5/24/2023,1:08:13 PM,1486,940,62,FE,0,,RFC,RFC_PIR02OTC,100,196,0,0,0,0,0,28581,e829330dfa3311ed83d60000080356ca,
5/24/2023,5/24/2023,1:08:11 PM,5/24/2023,1:08:13 PM,1523,960,80,FE,0,,RFC,RFC_PIR02OTC,100,214,0,0,0,0,0,28581,e829330dfa3311ed83d60000080356ca,
5/24/2023,5/24/2023,1:08:15 PM,5/24/2023,1:08:17 PM,1512,950,44,FE,0,,RFC,RFC_PIR02OTC,100,185,0,0,0,0,0,24489,e8431fbafa3311ed9f0b0000080356cb,
5/24/2023,5/24/2023,1:08:15 PM,5/24/2023,1:08:17 PM,1534,940,73,FE,0,,RFC,RFC_PIR02OTC,100,222,0,0,0,0,0,24489,e8431fbafa3311ed9f0b0000080356cb,
5/24/2023,5/24/2023,1:08:15 PM,5/24/2023,1:08:17 PM,1589,950,60,FE,0,,RFC,RFC_PIR02OTC,100,196,0,0,0,0,0,24489,e8431fbafa3311ed9f0b0000080356cb,
5/24/2023,5/24/2023,1:08:19 PM,5/24/2023,1:08:21 PM,1440,880,78,FE,0,,RFC,RFC_PIR02OTC,100,99,0,0,0,0,0,24489,e85907f3fa3311edabc50000080356c8,
5/24/2023,5/24/2023,1:08:19 PM,5/24/2023,1:08:21 PM,1429,880,56,FE,0,,RFC,RFC_PIR02OTC,100,185,0,0,0,0,0,24489,e85907f3fa3311edabc50000080356c8,
5/24/2023,5/24/2023,1:08:19 PM,5/24/2023,1:08:21 PM,1461,910,68,FE,0,,RFC,RFC_PIR02OTC,100,197,0,0,0,0,0,28581,e85907f3fa3311edabc50000080356c8,
5/24/2023,5/24/2023,1:08:19 PM,5/24/2023,1:08:21 PM,1521,970,0,FE,0,,RFC,RFC_PIR02OTC,100,222,0,0,0,0,0,28581,e85907f3fa3311edabc50000080356c8,
5/24/2023,5/24/2023,1:08:19 PM,5/24/2023,1:08:21 PM,1517,980,59,FE,0,,RFC,RFC_PIR02OTC,100,171,0,0,0,0,0,28581,e85907f3fa3311edabc50000080356c8,
5/24/2023,5/24/2023,1:22:34 PM,5/24/2023,1:22:38 PM,3736,1080,86,FE,0,,RFC,TMSADM,0,172,1,274,0,0,18089,14673,252EF1033A3E0360E00645DBE796A949,
5/24/2023,5/24/2023,1:27:36 PM,5/24/2023,1:27:41 PM,5432,3670,0,FE,0,,RFC,ZB_PTP_BATCH,100,318,0,0,0,0,7890,721114,9C72C0249A790570E00645DBE79D8B0B,
5/24/2023,5/24/2023,1:30:00 PM,5/24/2023,1:30:02 PM,2382,1760,0,FE,0,,RFC,RFC_O_HAMB,100,318,1,302,0,0,8223,20391,901FE84685310150E00645DBE2056164,
5/24/2023,5/24/2023,1:30:17 PM,5/24/2023,1:30:20 PM,2290,1740,73,FE,0,,RFC,RFC_O_HAMB,100,195,1,317,0,0,0,20391,901FE84685310180E00645DBE206343B,
5/24/2023,5/24/2023,1:32:20 PM,5/24/2023,1:32:23 PM,2281,1740,0,FE,0,,RFC,RFC_O_HAMB,100,188,1,318,0,0,0,20390,901FE84685310180E00645DBE2063481,
5/24/2023,5/24/2023,1:32:36 PM,5/24/2023,1:32:38 PM,2272,1720,0,FE,0,,RFC,RFC_O_HAMB,100,250,1,316,0,0,0,24481,901FE846853101A0E00645DBE2071B33,
5/24/2023,5/24/2023,1:32:36 PM,5/24/2023,1:32:41 PM,5172,3580,0,FE,0,,RFC,ZB_PTP_BATCH,100,102,0,0,0,0,7485,721114,9C72C0249A7905E0E00645DBE794DEDF,
5/24/2023,5/24/2023,1:34:42 PM,5/24/2023,1:34:48 PM,5587,3900,69,FE,0,,RFC,ZB_PTP_BATCH,100,226,0,0,0,0,7875,721114,9C72C0249A7905D0E00646647B994EE5,
5/24/2023,5/24/2023,1:35:34 PM,5/24/2023,1:35:36 PM,1252,190,81,FE,1,,RFC,VEPZM,100,76,0,0,0,0,0,16371,50D25E4311D64A048B4C1B3DD340DA57,
5/24/2023,5/24/2023,1:39:30 PM,5/24/2023,1:39:34 PM,3985,320,0,FE,1,,RFC,VEPZM,100,415,0,0,0,0,0,16250,50BB7217FD8D4029A375E36BAE4DF9D9,
5/24/2023,5/24/2023,1:39:40 PM,5/24/2023,1:39:41 PM,1686,460,83,FE,1,,RFC,VEPZM,100,194,0,0,0,0,0,28582,D47D93832BE14705871B247F54E4130E,
5/24/2023,5/24/2023,1:39:40 PM,5/24/2023,1:39:41 PM,1903,430,83,FE,1,,RFC,VEPZM,100,99,0,0,0,0,0,32671,7AF53A9190DA4ECFBD323C115F1D9862,
5/24/2023,5/24/2023,1:40:17 PM,5/24/2023,1:40:20 PM,2822,50,81,FE,1,,RFC,E9K6L,100,99,0,0,0,0,3082,8124,E43545E915AE45039D074F7093DB39F3,
5/24/2023,5/24/2023,1:41:36 PM,5/24/2023,1:41:41 PM,5307,3600,55,FE,0,,RFC,ZB_PTP_BATCH,100,182,0,0,0,0,8172,721114,9C72C0249A7905D0E00646647B994EF5,
5/24/2023,5/24/2023,1:43:20 PM,5/24/2023,1:43:22 PM,2102,1110,69,FE,0,,RFC,E9K6L,100,192,0,0,0,0,0,44765,D03D5957D4A445219EA0B9884B4CC0BE,
5/24/2023,5/24/2023,1:43:20 PM,5/24/2023,1:43:22 PM,2180,1160,83,FE,1,,RFC,E9K6L,100,99,0,0,0,0,0,44767,D03D5957D4A445219EA0B9884B4CC0BE,
5/24/2023,5/24/2023,1:43:20 PM,5/24/2023,1:43:22 PM,2192,1150,0,FE,1,,RFC,E9K6L,100,118,0,0,0,0,0,40728,D03D5957D4A445219EA0B9884B4CC0BE,
5/24/2023,5/24/2023,1:43:20 PM,5/24/2023,1:43:22 PM,2355,1170,56,FE,0,,RFC,E9K6L,100,166,0,0,0,0,0,40735,D03D5957D4A445219EA0B9884B4CC0BE,
5/24/2023,5/24/2023,1:43:20 PM,5/24/2023,1:43:22 PM,2413,10,87,FE,0,3004,RFC,E9K6L,100,1252,6,911,0,0,0,4092,D03D5957D4A445219EA0B9884B4CC0BE,
5/24/2023,5/24/2023,1:43:27 PM,5/24/2023,1:43:28 PM,1155,340,78,FE,0,3004,RFC,ZB_BC_BATCH,0,170,0,0,0,0,20805,84172,A2ED426D74BD0510E00645DBE1F1E0B7,
5/24/2023,5/24/2023,1:53:49 PM,5/24/2023,1:53:50 PM,1532,940,52,FE,0,,RFC,RFC_PIR02OTC,100,151,0,0,0,0,0,20398,acbf017bfa3511edbb8d0000080356c6,
5/24/2023,5/24/2023,1:53:49 PM,5/24/2023,1:53:51 PM,1671,1020,59,FE,0,,RFC,RFC_PIR02OTC,100,83,0,0,0,0,0,20398,acbf017bfa3511edbb8d0000080356c6,
5/24/2023,5/24/2023,1:53:49 PM,5/24/2023,1:53:51 PM,1912,1220,78,FE,0,,RFC,RFC_PIR02OTC,100,175,0,0,0,0,0,20398,acbf017bfa3511edbb8d0000080356c6,
5/24/2023,5/24/2023,1:53:49 PM,5/24/2023,1:53:51 PM,1919,1210,0,FE,0,,RFC,RFC_PIR02OTC,100,107,0,0,0,0,0,20398,acbf017bfa3511edbb8d0000080356c6,
5/24/2023,5/24/2023,1:53:49 PM,5/24/2023,1:53:51 PM,2008,1330,72,FE,0,,RFC,RFC_PIR02OTC,100,181,0,0,0,0,0,20398,acbf017bfa3511edbb8d0000080356c6,
5/24/2023,5/24/2023,1:53:51 PM,5/24/2023,1:53:52 PM,1255,740,42,FE,0,,RFC,RFC_PIR02OTC,100,107,0,0,0,0,0,16303,acbf017bfa3511edbb8d0000080356c6,
5/24/2023,5/24/2023,1:53:51 PM,5/24/2023,1:53:52 PM,1255,760,79,FE,0,,RFC,RFC_PIR02OTC,100,175,0,0,0,0,0,16303,acbf017bfa3511edbb8d0000080356c6,
5/24/2023,5/24/2023,1:53:51 PM,5/24/2023,1:53:52 PM,1269,740,39,FE,1,,RFC,RFC_PIR02OTC,100,83,0,0,0,0,0,16303,acbf017bfa3511edbb8d0000080356c6,
5/24/2023,5/24/2023,1:53:51 PM,5/24/2023,1:53:52 PM,1294,780,72,FE,1,,RFC,RFC_PIR02OTC,100,181,0,0,0,0,0,16303,acbf017bfa3511edbb8d0000080356c6,
5/24/2023,5/24/2023,2:00:05 PM,5/24/2023,2:00:06 PM,1153,140,73,FE,0,,RFC,TMSADM,0,256,1,472,0,0,17817,6397,C7D087DEBCBB02C0E006465A0F5E54B4,
5/24/2023,5/24/2023,2:00:05 PM,5/24/2023,2:00:06 PM,1211,20,85,FE,0,,RFC,SMTMP01,100,162,1,397,0,0,10209,2398,C7D087DEBCBB02C0E006465A0F5E54B4,
5/24/2023,5/24/2023,2:00:10 PM,5/24/2023,2:00:11 PM,1021,810,101,FE,0,,RFC,RFC_MDGR02,100,163,0,0,0,0,0,4092,71436F95DF410320E00645DBE23DE737,
5/24/2023,5/24/2023,2:03:59 PM,5/24/2023,2:04:00 PM,1067,130,60,FE,0,,RFC,TMSADM,0,288,1,388,0,0,16288,6397,C7D087DEBCBB02A0E006465A0F4EE4B9,
5/24/2023,5/24/2023,2:03:59 PM,5/24/2023,2:04:00 PM,1119,30,59,FE,0,,RFC,SMTMP01,100,76,1,227,0,0,9168,2398,C7D087DEBCBB02A0E006465A0F4EE4B9,
5/24/2023,5/24/2023,2:06:29 PM,5/24/2023,2:06:31 PM,2538,1210,0,FE,0,,RFC,E9K6L,100,155,0,0,0,0,0,44801,58FCD4A81E6C4B31A62FEB8D6F1F1685,
5/24/2023,5/24/2023,2:06:29 PM,5/24/2023,2:06:32 PM,2976,1380,31,FE,1,,RFC,E9K6L,100,151,0,0,0,0,0,44808,58FCD4A81E6C4B31A62FEB8D6F1F1685,
5/24/2023,5/24/2023,2:06:29 PM,5/24/2023,2:06:32 PM,3586,1450,73,FE,1,,RFC,E9K6L,100,274,0,0,0,0,0,44951,58FCD4A81E6C4B31A62FEB8D6F1F1685,
5/24/2023,5/24/2023,2:06:29 PM,5/24/2023,2:06:34 PM,4866,2580,78,FE,1,,RFC,E9K6L,100,173,0,0,0,0,0,44953,58FCD4A81E6C4B31A62FEB8D6F1F1685,
5/24/2023,5/24/2023,2:06:29 PM,5/24/2023,2:06:34 PM,4924,0,254,FE,0,3004,RFC,E9K6L,100,1434,8,1134,0,0,0,4092,58FCD4A81E6C4B31A62FEB8D6F1F1685,
5/24/2023,5/24/2023,2:06:39 PM,5/24/2023,2:06:40 PM,1051,140,0,FE,1,,RFC,TMSADM,0,173,1,302,0,0,13592,6397,C7D087DEBCBB0280E006465A0F51835D,
5/24/2023,5/24/2023,2:06:39 PM,5/24/2023,2:06:40 PM,1103,20,83,FE,0,,RFC,SMTMP01,100,274,1,410,0,0,7936,2398,C7D087DEBCBB0280E006465A0F51835D,
5/24/2023,5/24/2023,2:07:56 PM,5/24/2023,2:07:57 PM,1287,610,64,FE,0,,RFC,RFC_R02GO,100,171,0,0,0,0,0,16311,3280f799fa3c11edab5e0000080356c8,
5/24/2023,5/24/2023,2:07:56 PM,5/24/2023,2:07:57 PM,1314,640,63,FE,1,,RFC,RFC_R02GO,100,170,0,0,0,0,0,16311,3280f799fa3c11edab5e0000080356c8,
5/24/2023,5/24/2023,2:07:56 PM,5/24/2023,2:07:57 PM,1325,630,55,FE,1,,RFC,RFC_R02GO,100,88,0,0,0,0,0,16311,3280f799fa3c11edab5e0000080356c8,
5/24/2023,5/24/2023,2:07:56 PM,5/24/2023,2:07:59 PM,3645,1120,58,FE,1,,RFC,RFC_R02GO,100,165,0,0,0,0,0,16311,3280f799fa3c11edab5e0000080356c8,
5/24/2023,5/24/2023,2:08:29 PM,5/24/2023,2:08:30 PM,1016,130,81,FE,0,,RFC,TMSADM,0,165,1,375,0,0,14683,6397,C7D087DEBCBB02C0E006465A0F5E54CE,
5/24/2023,5/24/2023,2:08:29 PM,5/24/2023,2:08:30 PM,1065,20,97,FE,0,,RFC,SMTMP01,100,166,1,291,0,0,9808,2398,C7D087DEBCBB02C0E006465A0F5E54CE,
5/24/2023,5/24/2023,2:10:17 PM,5/24/2023,2:10:18 PM,1004,130,53,FE,0,,RFC,TMSADM,0,155,1,357,0,0,18246,6397,C7D087DEBCBB02B0E006465A0F5D65CF,
5/24/2023,5/24/2023,2:10:17 PM,5/24/2023,2:10:18 PM,1046,10,96,FE,0,,RFC,SMTMP01,100,88,1,173,0,0,9877,2398,C7D087DEBCBB02B0E006465A0F5D65CF,
5/24/2023,5/24/2023,2:10:57 PM,5/24/2023,2:10:59 PM,1314,10,73,FE,0,3004,RFC,VZJMH,100,361,1,224,0,0,3075,2398,EC969F7E0E6C0390E00646787504DAD1,
5/24/2023,5/24/2023,2:13:35 PM,5/24/2023,2:13:37 PM,2216,40,70,FE,0,,RFC,E9K6L,100,78,0,0,0,0,5591,8124,42742718628842DCA2BAA25890345FAE,
5/24/2023,5/24/2023,2:17:46 PM,5/24/2023,2:17:48 PM,2251,40,88,FE,1,,RFC,E9K6L,100,179,0,0,0,0,2616,8124,35686266CE6A44DF9E9B1C8F673C74E9,
5/24/2023,5/24/2023,2:19:51 PM,5/24/2023,2:19:53 PM,2456,40,61,FE,0,,RFC,E9K6L,100,161,0,0,0,0,2766,8124,5BB5A04D78E947D29E646315F1975360,
5/24/2023,5/24/2023,2:20:54 PM,5/24/2023,2:20:56 PM,2348,40,87,FE,0,,RFC,E9K6L,100,167,0,0,0,0,2849,8124,AB209F4318A540AC890BF025CA9BDAEA,
5/24/2023,5/24/2023,2:23:47 PM,5/24/2023,2:23:49 PM,1802,0,0,FE,0,3004,RFC,VZJMH,100,229,1,186,0,0,2614,2398,EC969F7E0E6C02E0E00645DBE1FC34CC,
5/24/2023,5/24/2023,2:25:35 PM,5/24/2023,2:25:37 PM,1379,0,0,FE,0,3004,RFC,VZJMH,100,373,1,203,0,0,2222,2398,EC969F7E0E6C0320E00646BB86896E62,
5/24/2023,5/24/2023,2:26:01 PM,5/24/2023,2:26:06 PM,4746,160,205,FE,0,3004,RFC,E4H8G,100,1505,6,1394,0,0,6441,16313,ADA8FF636BF848989B642D92CC806460,
5/24/2023,5/24/2023,2:26:11 PM,5/24/2023,2:26:13 PM,1323,800,102,FE,0,,RFC,E4H8G,100,232,1,2014,0,0,0,83268,1FB7210A262147AAAA978E616D765BD1,
5/24/2023,5/24/2023,2:28:45 PM,5/24/2023,2:28:46 PM,1404,0,0,FE,0,3004,RFC,E4H8G,100,655,1,200,0,0,2761,2398,9C72C0249A790380E00646B32A81B34A,
5/24/2023,5/24/2023,2:28:48 PM,5/24/2023,2:28:49 PM,1583,960,78,FE,0,,RFC,RFC_PIR02OTC,100,334,0,0,0,0,0,20398,0fc03d0afa3e11ed96950000080356cb,
5/24/2023,5/24/2023,2:28:48 PM,5/24/2023,2:28:49 PM,1676,1020,52,FE,1,,RFC,RFC_PIR02OTC,100,328,0,0,0,0,0,20398,0fc03d0afa3e11ed96950000080356cb,
5/24/2023,5/24/2023,2:28:48 PM,5/24/2023,2:28:50 PM,1917,1240,64,FE,0,,RFC,RFC_PIR02OTC,100,181,0,0,0,0,0,20398,0fc03d0afa3e11ed96950000080356cb,
5/24/2023,5/24/2023,2:28:48 PM,5/24/2023,2:28:50 PM,1986,1260,80,FE,0,,RFC,RFC_PIR02OTC,100,204,0,0,0,0,0,20398,0fc03d0afa3e11ed96950000080356cb,
5/24/2023,5/24/2023,2:28:48 PM,5/24/2023,2:28:50 PM,2003,1310,88,FE,0,,RFC,RFC_PIR02OTC,100,169,0,0,0,0,0,20398,0fc03d0afa3e11ed96950000080356cb,
5/24/2023,5/24/2023,2:28:50 PM,5/24/2023,2:28:51 PM,1232,740,34,FE,1,,RFC,RFC_PIR02OTC,100,204,0,0,0,0,0,16303,0fc03d0afa3e11ed96950000080356cb,
5/24/2023,5/24/2023,2:28:50 PM,5/24/2023,2:28:51 PM,1232,740,44,FE,0,,RFC,RFC_PIR02OTC,100,181,0,0,0,0,0,16303,0fc03d0afa3e11ed96950000080356cb,
5/24/2023,5/24/2023,2:28:50 PM,5/24/2023,2:28:51 PM,1232,720,86,FE,0,,RFC,RFC_PIR02OTC,100,334,0,0,0,0,0,16303,0fc03d0afa3e11ed96950000080356cb,
5/24/2023,5/24/2023,2:28:50 PM,5/24/2023,2:28:51 PM,1234,740,54,FE,0,,RFC,RFC_PIR02OTC,100,169,0,0,0,0,0,16303,0fc03d0afa3e11ed96950000080356cb,
5/24/2023,5/24/2023,2:30:48 PM,5/24/2023,2:30:49 PM,1445,780,37,FE,0,,RFC,CODINTEG,100,334,0,0,0,0,0,16308,5BCFA7E296001EEDBEC7AB9508FE3CE1,
5/24/2023,5/24/2023,2:30:48 PM,5/24/2023,2:30:49 PM,1448,780,0,FE,0,,RFC,CODINTEG,100,90,0,0,0,0,0,16308,5BCFA7E296001EEDBEC7AB9508FE3CE1,
5/24/2023,5/24/2023,2:30:48 PM,5/24/2023,2:30:49 PM,1489,780,57,FE,0,,RFC,CODINTEG,100,106,0,0,0,0,0,16308,5BCFA7E296001EEDBEC7AB9508FE3CE1,
5/24/2023,5/24/2023,2:30:48 PM,5/24/2023,2:30:49 PM,1511,810,33,FE,0,,RFC,CODINTEG,100,328,0,0,0,0,0,16308,5BCFA7E296001EEDBEC7AB9508FE3CE1,
5/24/2023,5/24/2023,2:40:18 PM,5/24/2023,2:40:21 PM,2944,130,107,FE,1,,RFC,VNYVR,100,205,0,0,0,0,0,8113,93C5F5D5E7294687951684B3527FEAFD,
5/24/2023,5/24/2023,2:43:36 PM,5/24/2023,2:43:37 PM,1031,0,0,FE,0,3004,RFC,RFC_PIR02OTC,100,362,1,190,0,0,2982,2398,9C72C0249A790610E00645DBE7906253,
5/24/2023,5/24/2023,2:48:56 PM,5/24/2023,2:48:58 PM,1903,10,76,FE,0,3004,RFC,VZJMH,100,538,1,210,0,0,3469,2398,EC969F7E0E6C02A0E0064666DA108A6E,
5/24/2023,5/24/2023,2:48:57 PM,5/24/2023,2:48:59 PM,1266,10,179,FE,0,3004,RFC,VZJMH,100,599,1,205,0,0,3281,2398,EC969F7E0E6C02A0E0064666DA108A6E,
5/24/2023,5/24/2023,2:52:04 PM,5/24/2023,2:52:06 PM,1757,0,95,FE,0,3004,RFC,VZJMH,100,1117,1,194,0,0,2659,2398,EC969F7E0E6C0380E00646BBA652FA01,
5/24/2023,5/24/2023,2:52:05 PM,5/24/2023,2:52:07 PM,1842,10,0,FE,0,3004,RFC,VZJMH,100,808,1,202,0,0,2247,2398,EC969F7E0E6C0380E00646BBA652FA01,
5/24/2023,5/24/2023,2:53:47 PM,5/24/2023,2:53:48 PM,1491,910,38,FE,0,,RFC,RFC_PIR02OTC,100,215,0,0,0,0,0,20398,01472c4cfa4211ed9e910000084ad96a,
5/24/2023,5/24/2023,2:53:47 PM,5/24/2023,2:53:48 PM,1538,910,46,FE,0,,RFC,RFC_PIR02OTC,100,60,0,0,0,0,0,20398,01472c4cfa4211ed9e910000084ad96a,
5/24/2023,5/24/2023,2:53:47 PM,5/24/2023,2:53:48 PM,1845,1190,62,FE,1,,RFC,RFC_PIR02OTC,100,215,0,0,0,0,0,20398,01472c4cfa4211ed9e910000084ad96a,
5/24/2023,5/24/2023,2:53:47 PM,5/24/2023,2:53:48 PM,1862,1220,46,FE,0,,RFC,RFC_PIR02OTC,100,159,0,0,0,0,0,20398,01472c4cfa4211ed9e910000084ad96a,
5/24/2023,5/24/2023,2:53:47 PM,5/24/2023,2:53:49 PM,1936,1240,80,FE,1,,RFC,RFC_PIR02OTC,100,175,0,0,0,0,0,20398,01472c4cfa4211ed9e910000084ad96a,
5/24/2023,5/24/2023,2:53:49 PM,5/24/2023,2:53:50 PM,1215,750,62,FE,0,,RFC,RFC_PIR02OTC,100,60,0,0,0,0,0,16303,01472c4cfa4211ed9e910000084ad96a,
5/24/2023,5/24/2023,2:53:49 PM,5/24/2023,2:53:50 PM,1217,730,42,FE,0,,RFC,RFC_PIR02OTC,100,215,0,0,0,0,0,16303,01472c4cfa4211ed9e910000084ad96a,
5/24/2023,5/24/2023,2:53:49 PM,5/24/2023,2:53:50 PM,1220,730,52,FE,0,,RFC,RFC_PIR02OTC,100,159,0,0,0,0,0,16303,01472c4cfa4211ed9e910000084ad96a,
5/24/2023,5/24/2023,2:53:49 PM,5/24/2023,2:53:50 PM,1226,740,43,FE,0,,RFC,RFC_PIR02OTC,100,175,0,0,0,0,0,16303,01472c4cfa4211ed9e910000084ad96a,
5/24/2023,5/24/2023,2:57:32 PM,5/24/2023,2:57:42 PM,10196,100,271,FE,0,3004,RFC,EV8OY,100,2437,11,2338,0,0,4507,12221,9A6651599C494F5BACCDA07F95D5BFA9,
5/24/2023,5/24/2023,3:00:10 PM,5/24/2023,3:00:11 PM,1019,810,58,FE,0,,RFC,RFC_MDGR02,100,215,0,0,0,0,0,4092,F15CD036F54703F0E00645DBE2700B63,
5/24/2023,5/24/2023,3:01:07 PM,5/24/2023,3:01:14 PM,7388,0,83,FE,1,3004,RFC,ZB_OTC_BATCH,100,313,1,192,0,0,4569,2398,EC969F7E0E6C05D0E00645DBE1FA4A7F,
5/24/2023,5/24/2023,3:02:00 PM,5/24/2023,3:02:12 PM,11980,20,62,FE,0,3004,RFC,ZB_OTC_BATCH,100,610,1,188,0,0,2330,2398,EC969F7E0E6C05D0E00645DBE1FA4A81,
5/24/2023,5/24/2023,3:02:14 PM,5/24/2023,3:02:23 PM,8457,0,0,FE,0,3004,RFC,ZB_OTC_BATCH,100,605,1,227,0,0,4887,2398,EC969F7E0E6C05D0E00645DBE1FA4A82,
5/24/2023,5/24/2023,3:03:03 PM,5/24/2023,3:03:04 PM,1181,150,79,FE,1,,RFC,TMSADM,0,79,1,460,0,0,17414,6397,C7D087DEBCBB0280E006465A0F51846A,
5/24/2023,5/24/2023,3:03:03 PM,5/24/2023,3:03:04 PM,1292,30,79,FE,1,,RFC,SMTMP01,100,175,1,215,0,0,8780,2398,C7D087DEBCBB0280E006465A0F51846A,
5/24/2023,5/24/2023,3:03:03 PM,5/24/2023,3:03:11 PM,7450,10,48,FE,0,3004,RFC,ZB_OTC_BATCH,100,344,1,183,0,0,4327,2398,EC969F7E0E6C05D0E00645DBE1FA4A85,
5/24/2023,5/24/2023,3:03:22 PM,5/24/2023,3:03:23 PM,1026,20,84,FE,0,,RFC,SMTMP01,100,97,1,190,0,0,6759,2398,C7D087DEBCBB0260E006465A0F558B50,
5/24/2023,5/24/2023,3:03:27 PM,5/24/2023,3:03:30 PM,3595,1050,118,FE,0,,RFC,TMSADM,0,206,1,276,0,0,8215,14673,EC969F7E0E6C03A0E00646C7A504D57A,
5/24/2023,5/24/2023,3:03:57 PM,5/24/2023,3:04:00 PM,3307,0,112,FE,0,3004,RFC,ZB_OTC_BATCH,100,523,1,191,0,0,3528,2398,EC969F7E0E6C05D0E00645DBE1FA4A88,
5/24/2023,5/24/2023,3:04:07 PM,5/24/2023,3:04:12 PM,4651,20,78,FE,0,3004,RFC,ZB_OTC_BATCH,100,298,1,225,0,0,4262,2398,EC969F7E0E6C05D0E00645DBE1FA4A8A,
5/24/2023,5/24/2023,3:04:24 PM,5/24/2023,3:04:26 PM,1487,10,153,FE,0,3004,RFC,VZJMH,100,421,1,224,0,0,2990,2398,EC969F7E0E6C0330E0064626FCF8A447,
5/24/2023,5/24/2023,3:05:18 PM,5/24/2023,3:05:19 PM,1504,810,68,FE,0,,RFC,CODINTEG,100,264,0,0,0,0,0,15988,5BCFA7E296001EEDBEC7AB9508FE3CE1,
5/24/2023,5/24/2023,3:05:18 PM,5/24/2023,3:05:19 PM,1552,810,72,FE,0,,RFC,CODINTEG,100,234,0,0,0,0,0,16309,5BCFA7E296001EEDBEC7AB9508FE3CE1,
5/24/2023,5/24/2023,3:05:18 PM,5/24/2023,3:05:19 PM,1628,840,69,FE,0,,RFC,CODINTEG,100,133,0,0,0,0,0,16310,5BCFA7E296001EEDBEC7AB9508FE3CE1,
5/24/2023,5/24/2023,3:05:18 PM,5/24/2023,3:05:19 PM,1743,820,111,FE,0,,RFC,CODINTEG,100,325,0,0,0,0,0,16309,5BCFA7E296001EEDBEC7AB9508FE3CE1,
5/24/2023,5/24/2023,3:06:49 PM,5/24/2023,3:06:51 PM,1841,10,48,FE,0,3004,RFC,VZJMH,100,436,1,292,0,0,2355,2398,EC969F7E0E6C0330E0064626FCF8A46A,
5/24/2023,5/24/2023,3:08:46 PM,5/24/2023,3:08:47 PM,1028,140,66,FE,0,,RFC,TMSADM,0,256,1,439,0,0,13957,6397,C7D087DEBCBB0290E006465A0F57F0BD,
5/24/2023,5/24/2023,3:08:46 PM,5/24/2023,3:08:47 PM,1073,10,90,FE,0,,RFC,SMTMP01,100,133,1,197,0,0,9013,2398,C7D087DEBCBB0290E006465A0F57F0BD,
5/24/2023,5/24/2023,3:08:58 PM,5/24/2023,3:09:07 PM,8741,3070,85,FE,1,,RFC,SMTMP01,100,178,0,0,0,0,0,32677,C7D087DEBCBB0290E006465A0F57F0BD,
5/24/2023,5/24/2023,3:12:05 PM,5/24/2023,3:12:06 PM,1380,10,40,FE,0,3004,RFC,VZJMH,100,359,1,246,0,0,2746,2398,EC969F7E0E6C0360E00646BB30769BDF,
5/24/2023,5/24/2023,3:12:34 PM,5/24/2023,3:12:35 PM,1049,0,148,FE,0,3004,RFC,VUSWW,100,399,1,223,0,0,2222,2398,9C72C0249A7905D0E00646647B995030,
5/24/2023,5/24/2023,3:14:44 PM,5/24/2023,3:14:47 PM,2108,0,48,FE,0,3004,RFC,VZJMH,100,345,1,217,0,0,2156,2398,EC969F7E0E6C0360E00646BB30769BE1,
5/24/2023,5/24/2023,3:15:14 PM,5/24/2023,3:15:25 PM,11122,740,59,FE,1,,RFC,RFC_BODS,100,194,0,0,0,0,3771,8116,9C72C0249A790310E00646D9EC21350F,
5/24/2023,5/24/2023,3:15:27 PM,5/24/2023,3:15:31 PM,4216,220,75,FE,1,,RFC,RFC_BODS,100,362,1,361,0,0,0,8118,9C72C0249A790280E00645DBE784E758,
5/24/2023,5/24/2023,3:15:32 PM,5/24/2023,3:20:29 PM,297355,15070,0,FE,1,3004,RFC,RFC_BODS,100,193,0,0,0,0,0,8118,9C72C0249A790280E00645DBE784E758,
5/24/2023,5/24/2023,3:20:31 PM,5/24/2023,3:20:42 PM,11013,730,54,FE,1,,RFC,RFC_BODS,100,162,0,0,0,0,2965,8116,9C72C0249A790280E00645DBE784E761,
5/24/2023,5/24/2023,3:20:44 PM,5/24/2023,3:20:48 PM,3969,220,64,FE,1,,RFC,RFC_BODS,100,162,1,299,0,0,0,8118,9C72C0249A790280E00645DBE784E76B,
5/24/2023,5/24/2023,3:20:49 PM,5/24/2023,3:22:08 PM,79788,3710,0,FE,1,3004,RFC,RFC_BODS,100,170,1,346,0,0,0,8118,9C72C0249A790280E00645DBE784E76B,
5/24/2023,5/24/2023,3:22:33 PM,5/24/2023,3:22:35 PM,1978,1030,0,FE,1,,RFC,VQSME,100,187,1,2146,0,0,0,87360,CAC4D02A153342489F605A654D3D567E,
5/24/2023,5/24/2023,3:23:48 PM,5/24/2023,3:23:50 PM,1636,980,60,FE,0,,RFC,RFC_PIR02OTC,100,259,0,0,0,0,0,20398,d99ee91efa4611eda9e00000084ad96e,
5/24/2023,5/24/2023,3:23:48 PM,5/24/2023,3:23:50 PM,1674,1000,77,FE,0,,RFC,RFC_PIR02OTC,100,177,0,0,0,0,0,20398,d99ee91efa4611eda9e00000084ad96e,
5/24/2023,5/24/2023,3:23:48 PM,5/24/2023,3:23:50 PM,1972,1210,0,FE,0,,RFC,RFC_PIR02OTC,100,74,0,0,0,0,0,20398,d99ee91efa4611eda9e00000084ad96e,
5/24/2023,5/24/2023,3:23:48 PM,5/24/2023,3:23:50 PM,2020,1330,0,FE,0,,RFC,RFC_PIR02OTC,100,251,0,0,0,0,0,20398,d99ee91efa4611eda9e00000084ad96e,
5/24/2023,5/24/2023,3:23:48 PM,5/24/2023,3:23:50 PM,2043,1340,72,FE,0,,RFC,RFC_PIR02OTC,100,207,0,0,0,0,0,20398,d99ee91efa4611eda9e00000084ad96e,
5/24/2023,5/24/2023,3:23:50 PM,5/24/2023,3:23:51 PM,1236,730,71,FE,0,,RFC,RFC_PIR02OTC,100,74,0,0,0,0,0,16303,d99ee91efa4611eda9e00000084ad96e,
5/24/2023,5/24/2023,3:23:50 PM,5/24/2023,3:23:51 PM,1241,750,41,FE,0,,RFC,RFC_PIR02OTC,100,207,0,0,0,0,0,16303,d99ee91efa4611eda9e00000084ad96e,
5/24/2023,5/24/2023,3:23:50 PM,5/24/2023,3:23:52 PM,1377,780,68,FE,0,,RFC,RFC_PIR02OTC,100,177,0,0,0,0,0,16303,d99ee91efa4611eda9e00000084ad96e,
5/24/2023,5/24/2023,3:23:50 PM,5/24/2023,3:23:52 PM,1379,800,76,FE,0,,RFC,RFC_PIR02OTC,100,251,0,0,0,0,0,16303,d99ee91efa4611eda9e00000084ad96e,
5/24/2023,5/24/2023,3:30:00 PM,5/24/2023,3:30:02 PM,2307,1750,0,FE,1,,RFC,RFC_O_HAMB,100,74,1,296,0,0,3065,20391,901FE846853100E0E00645DBE20F9CBD,
5/24/2023,5/24/2023,3:30:00 PM,5/24/2023,3:30:02 PM,2350,1780,89,FE,1,,RFC,RFC_O_HAMB,100,979,1,508,0,0,0,20391,901FE84685310180E00645DBE2063620,
5/24/2023,5/24/2023,3:30:29 PM,5/24/2023,3:30:31 PM,2277,1720,82,FE,1,,RFC,RFC_O_HAMB,100,429,1,445,0,0,0,20391,901FE846853100B0E00645DBE205638B,
5/24/2023,5/24/2023,3:39:18 PM,5/24/2023,3:39:21 PM,2451,140,0,FE,1,200,RFC,VIM2G,100,846,4,852,0,0,0,8125,9C72C0249A790370E006466973B2AFC9,
5/24/2023,5/24/2023,3:43:48 PM,5/24/2023,3:43:49 PM,1545,930,57,FE,0,,RFC,RFC_PIR02OTC,100,198,0,0,0,0,0,20398,00802f24fa4711eda72d0000080356c7,
5/24/2023,5/24/2023,3:43:48 PM,5/24/2023,3:43:49 PM,1633,970,75,FE,0,,RFC,RFC_PIR02OTC,100,250,0,0,0,0,0,20398,00802f24fa4711eda72d0000080356c7,
5/24/2023,5/24/2023,3:43:48 PM,5/24/2023,3:43:50 PM,1871,1200,60,FE,0,,RFC,RFC_PIR02OTC,100,203,0,0,0,0,0,20398,00802f24fa4711eda72d0000080356c7,
5/24/2023,5/24/2023,3:43:48 PM,5/24/2023,3:43:50 PM,1853,1180,68,FE,0,,RFC,RFC_PIR02OTC,100,259,0,0,0,0,0,20398,00802f24fa4711eda72d0000080356c7,
5/24/2023,5/24/2023,3:43:48 PM,5/24/2023,3:43:50 PM,1951,1230,67,FE,1,,RFC,RFC_PIR02OTC,100,316,0,0,0,0,0,20398,00802f24fa4711eda72d0000080356c7,
5/24/2023,5/24/2023,3:43:50 PM,5/24/2023,3:43:51 PM,1221,730,47,FE,1,,RFC,RFC_PIR02OTC,100,259,0,0,0,0,0,16303,00802f24fa4711eda72d0000080356c7,
5/24/2023,5/24/2023,3:43:50 PM,5/24/2023,3:43:51 PM,1228,730,83,FE,0,,RFC,RFC_PIR02OTC,100,250,0,0,0,0,0,16303,00802f24fa4711eda72d0000080356c7,
5/24/2023,5/24/2023,3:43:50 PM,5/24/2023,3:43:51 PM,1238,720,63,FE,1,,RFC,RFC_PIR02OTC,100,203,0,0,0,0,0,16303,00802f24fa4711eda72d0000080356c7,
5/24/2023,5/24/2023,3:43:50 PM,5/24/2023,3:43:51 PM,1247,720,60,FE,0,,RFC,RFC_PIR02OTC,100,316,0,0,0,0,0,16303,00802f24fa4711eda72d0000080356c7,
5/24/2023,5/24/2023,3:48:48 PM,5/24/2023,3:48:50 PM,1522,950,64,FE,0,,RFC,RFC_PIR02OTC,100,361,0,0,0,0,0,20398,0a5c7b29fa4711ed8cea0000080356cb,
5/24/2023,5/24/2023,3:48:48 PM,5/24/2023,3:48:50 PM,1647,980,41,FE,0,,RFC,RFC_PIR02OTC,100,203,0,0,0,0,0,20398,0a5c7b29fa4711ed8cea0000080356cb,
5/24/2023,5/24/2023,3:48:48 PM,5/24/2023,3:48:50 PM,1840,1180,43,FE,0,,RFC,RFC_PIR02OTC,100,266,0,0,0,0,0,20398,0a5c7b29fa4711ed8cea0000080356cb,
5/24/2023,5/24/2023,3:48:48 PM,5/24/2023,3:48:50 PM,1879,1250,74,FE,0,,RFC,RFC_PIR02OTC,100,291,0,0,0,0,0,20398,0a5c7b29fa4711ed8cea0000080356cb,
5/24/2023,5/24/2023,3:48:48 PM,5/24/2023,3:48:50 PM,2028,1320,0,FE,0,,RFC,RFC_PIR02OTC,100,180,0,0,0,0,0,20398,0a5c7b29fa4711ed8cea0000080356cb,
5/24/2023,5/24/2023,3:48:50 PM,5/24/2023,3:48:51 PM,1203,730,63,FE,0,,RFC,RFC_PIR02OTC,100,291,0,0,0,0,0,16303,0a5c7b29fa4711ed8cea0000080356cb,
5/24/2023,5/24/2023,3:48:50 PM,5/24/2023,3:48:51 PM,1214,710,56,FE,0,,RFC,RFC_PIR02OTC,100,266,0,0,0,0,0,16303,0a5c7b29fa4711ed8cea0000080356cb,
5/24/2023,5/24/2023,3:48:50 PM,5/24/2023,3:48:51 PM,1218,720,47,FE,0,,RFC,RFC_PIR02OTC,100,180,0,0,0,0,0,16303,0a5c7b29fa4711ed8cea0000080356cb,
5/24/2023,5/24/2023,3:48:50 PM,5/24/2023,3:48:51 PM,1220,740,78,FE,0,,RFC,RFC_PIR02OTC,100,203,0,0,0,0,0,16303,0a5c7b29fa4711ed8cea0000080356cb,
5/24/2023,5/24/2023,3:49:36 PM,5/24/2023,3:49:44 PM,7837,3960,53,FE,0,,RFC,ZB_PTP_BATCH,100,291,0,0,0,0,8424,721114,9C72C0249A7905E0E00645DBE794E110,
5/24/2023,5/24/2023,3:50:13 PM,5/24/2023,3:50:19 PM,5842,3770,67,FE,1,,RFC,ZB_PTP_BATCH,100,211,0,0,0,0,7160,721114,9C72C0249A790330E00646BCB6BB42E0,
5/24/2023,5/24/2023,3:50:36 PM,5/24/2023,3:50:41 PM,5224,3600,44,FE,0,,RFC,ZB_PTP_BATCH,100,211,0,0,0,0,7371,721114,9C72C0249A790330E00646BCB6BB42E0,
5/24/2023,5/24/2023,3:51:11 PM,5/24/2023,3:51:13 PM,2266,10,69,FE,0,3004,RFC,VIM2G,100,390,1,201,0,0,3008,2398,9C72C0249A790370E006466973B2AFC9,
5/24/2023,5/24/2023,3:51:44 PM,5/24/2023,3:51:46 PM,2224,10,86,FE,0,3004,RFC,RFC_PIR02PTP,100,533,2,345,0,0,1865,2398,100f1cfcfa4711eda77f0000080356cb,
5/24/2023,5/24/2023,3:52:55 PM,5/24/2023,3:52:57 PM,2391,140,63,FE,1,200,RFC,VIM2G,100,537,4,899,0,0,0,8129,9C72C0249A790370E006466973B2AFC9,
5/24/2023,5/24/2023,3:54:07 PM,5/24/2023,3:54:09 PM,2507,140,57,FE,1,200,RFC,VIM2G,100,1194,4,853,0,0,0,8128,9C72C0249A790370E006466973B2AFC9,
5/24/2023,5/24/2023,3:54:11 PM,5/24/2023,3:54:13 PM,1485,30,69,FE,0,100,RFC,VIM2G,100,449,5,644,0,0,0,7776,9C72C0249A790370E006466973B2AFC9,
5/24/2023,5/24/2023,4:00:10 PM,5/24/2023,4:00:11 PM,1035,830,89,FE,0,,RFC,RFC_MDGR02,100,177,0,0,0,0,0,4092,71436F95DF410300E00645DBE222D2CF,
5/24/2023,5/24/2023,4:02:00 PM,5/24/2023,4:02:01 PM,1153,180,85,FE,1,,RFC,EDPB5,100,178,0,0,0,0,2644,11745,25E64AF2878440A4859464B1211EF437,
5/24/2023,5/24/2023,4:04:18 PM,5/24/2023,4:04:20 PM,1577,0,127,FE,0,3004,RFC,RFC_PIR02PTP,100,389,2,307,0,0,1803,2398,899bc4f7fa4911ed83b50000080356ca,
5/24/2023,5/24/2023,4:04:24 PM,5/24/2023,4:04:29 PM,5378,3670,66,FE,0,,RFC,ZB_PTP_BATCH,100,171,0,0,0,0,8426,721114,9C72C0249A7905E0E00645DBE794E148,
5/24/2023,5/24/2023,4:08:18 PM,5/24/2023,4:08:19 PM,1376,20,169,FE,0,3004,RFC,VPIKH,100,679,2,524,0,0,1795,2398,A2ED426D74BD05B0E00646647BAE3810,
5/24/2023,5/24/2023,4:08:19 PM,5/24/2023,4:08:20 PM,1227,0,165,FE,0,3004,RFC,VPIKH,100,412,2,320,0,0,2127,2398,A2ED426D74BD05B0E00646647BAE3810,
5/24/2023,5/24/2023,4:08:26 PM,5/24/2023,4:08:27 PM,1264,10,145,FE,0,3004,RFC,VPIKH,100,716,2,337,0,0,1695,2398,A2ED426D74BD05B0E00646647BAE3810,
5/24/2023,5/24/2023,4:08:27 PM,5/24/2023,4:08:28 PM,1210,0,87,FE,0,3004,RFC,VPIKH,100,311,2,340,0,0,1543,2398,A2ED426D74BD05B0E00646647BAE3810,
5/24/2023,5/24/2023,4:08:27 PM,5/24/2023,4:08:28 PM,1271,20,138,FE,0,3004,RFC,VPIKH,100,410,2,307,0,0,1533,2398,A2ED426D74BD05B0E00646647BAE3810,
5/24/2023,5/24/2023,4:08:30 PM,5/24/2023,4:08:31 PM,1212,0,80,FE,0,3004,RFC,VPIKH,100,444,2,361,0,0,1540,2398,A2ED426D74BD05B0E00646647BAE3810,
5/24/2023,5/24/2023,4:08:31 PM,5/24/2023,4:08:32 PM,1219,10,69,FE,0,3004,RFC,VPIKH,100,450,2,405,0,0,1741,2398,A2ED426D74BD05B0E00646647BAE3810,
5/24/2023,5/24/2023,4:08:35 PM,5/24/2023,4:08:36 PM,1223,10,139,FE,0,3004,RFC,VPIKH,100,457,2,342,0,0,1927,2398,A2ED426D74BD05B0E00646647BAE3810,
5/24/2023,5/24/2023,4:08:36 PM,5/24/2023,4:08:38 PM,2459,20,188,FE,0,3004,RFC,VPIKH,100,561,4,712,0,0,3342,2398,A2ED426D74BD05B0E00646647BAE3810,
5/24/2023,5/24/2023,4:08:39 PM,5/24/2023,4:08:40 PM,1221,10,98,FE,0,3004,RFC,VPIKH,100,306,2,304,0,0,2025,2398,A2ED426D74BD05B0E00646647BAE3810,
5/24/2023,5/24/2023,4:08:39 PM,5/24/2023,4:08:41 PM,2504,10,72,FE,0,3004,RFC,VPIKH,100,692,4,690,0,0,3373,2398,A2ED426D74BD05B0E00646647BAE3810,
5/24/2023,5/24/2023,4:08:46 PM,5/24/2023,4:08:47 PM,1251,10,66,FE,0,3004,RFC,VPIKH,100,291,2,333,0,0,1765,2398,A2ED426D74BD05B0E00646647BAE3810,
5/24/2023,5/24/2023,4:08:48 PM,5/24/2023,4:08:50 PM,1224,10,79,FE,0,3004,RFC,VPIKH,100,298,2,325,0,0,1653,2398,A2ED426D74BD05B0E00646647BAE3810,
5/24/2023,5/24/2023,4:08:53 PM,5/24/2023,4:08:56 PM,2413,10,90,FE,0,3004,RFC,VPIKH,100,690,4,708,0,0,3179,2398,A2ED426D74BD05B0E00646647BAE3810,
5/24/2023,5/24/2023,4:12:55 PM,5/24/2023,4:12:57 PM,1553,800,74,FE,0,,RFC,CODINTEG,100,216,0,0,0,0,0,16310,5BCFA7E296001EEDBEC9B9B6C39F3213,
5/24/2023,5/24/2023,4:12:55 PM,5/24/2023,4:12:57 PM,1569,820,65,FE,0,,RFC,CODINTEG,100,202,0,0,0,0,0,16027,5BCFA7E296001EEDBEC9B9B6C39F3213,
5/24/2023,5/24/2023,4:12:55 PM,5/24/2023,4:12:57 PM,1757,920,59,FE,0,,RFC,CODINTEG,100,162,0,0,0,0,0,16028,5BCFA7E296001EEDBEC9B9B6C39F3213,
5/24/2023,5/24/2023,4:12:55 PM,5/24/2023,4:12:57 PM,1830,910,72,FE,0,,RFC,CODINTEG,100,189,0,0,0,0,0,16028,5BCFA7E296001EEDBEC9B9B6C39F3213,
5/24/2023,5/24/2023,4:12:55 PM,5/24/2023,4:12:57 PM,1855,890,81,FE,0,,RFC,CODINTEG,100,211,0,0,0,0,0,16028,5BCFA7E296001EEDBEC9B9B6C39F3213,
5/24/2023,5/24/2023,4:15:03 PM,5/24/2023,4:15:05 PM,1817,1000,46,FE,0,,RFC,CODINTEG,100,189,0,0,0,0,0,20394,5BCFA7E296001EEDBEC9B9B6C39F3213,
5/24/2023,5/24/2023,4:15:03 PM,5/24/2023,4:15:05 PM,1829,1000,48,FE,0,,RFC,CODINTEG,100,162,0,0,0,0,0,20394,5BCFA7E296001EEDBEC9B9B6C39F3213,
5/24/2023,5/24/2023,4:15:03 PM,5/24/2023,4:15:05 PM,1963,1040,75,FE,0,,RFC,CODINTEG,100,216,0,0,0,0,0,20394,5BCFA7E296001EEDBEC9B9B6C39F3213,
5/24/2023,5/24/2023,4:15:03 PM,5/24/2023,4:15:06 PM,2238,1040,57,FE,0,,RFC,CODINTEG,100,211,0,0,0,0,0,20394,5BCFA7E296001EEDBEC9B9B6C39F3213,
5/24/2023,5/24/2023,4:15:03 PM,5/24/2023,4:15:06 PM,2677,1110,75,FE,0,,RFC,CODINTEG,100,88,0,0,0,0,0,20394,5BCFA7E296001EEDBEC9B9B6C39F3213,
5/24/2023,5/24/2023,4:16:36 PM,5/24/2023,4:16:42 PM,5540,3850,69,FE,0,,RFC,ZB_PTP_BATCH,100,211,0,0,0,0,8808,721114,9C72C0249A7905B0E00645DBE798377C,
5/24/2023,5/24/2023,4:21:27 PM,5/24/2023,4:21:28 PM,1222,10,57,FE,0,3004,RFC,ZB_PTP_BATCH,100,511,2,380,0,0,1516,2398,85DA2472087505E0E00645DBE2253F40,
5/24/2023,5/24/2023,4:21:30 PM,5/24/2023,4:21:31 PM,1206,0,96,FE,0,3004,RFC,ZB_PTP_BATCH,100,374,2,274,0,0,1824,2398,85DA2472087505E0E00645DBE2253F40,
5/24/2023,5/24/2023,4:21:32 PM,5/24/2023,4:21:33 PM,1281,10,144,FE,0,3004,RFC,ZB_PTP_BATCH,100,845,2,270,0,0,1585,2398,85DA2472087505E0E00645DBE2253F40,
5/24/2023,5/24/2023,4:21:33 PM,5/24/2023,4:21:34 PM,1207,10,188,FE,0,3004,RFC,ZB_PTP_BATCH,100,428,2,282,0,0,1780,2398,85DA2472087505E0E00645DBE2253F40,
5/24/2023,5/24/2023,4:21:33 PM,5/24/2023,4:21:34 PM,1289,20,168,FE,0,3004,RFC,ZB_PTP_BATCH,100,587,2,289,0,0,1649,2398,85DA2472087505E0E00645DBE2253F40,
5/24/2023,5/24/2023,4:21:33 PM,5/24/2023,4:21:34 PM,1204,20,152,FE,0,3004,RFC,ZB_PTP_BATCH,100,406,2,313,0,0,2026,2398,85DA2472087505E0E00645DBE2253F40,
5/24/2023,5/24/2023,4:21:37 PM,5/24/2023,4:21:38 PM,1215,0,59,FE,0,3004,RFC,ZB_PTP_BATCH,100,287,2,360,0,0,1594,2398,85DA2472087505E0E00645DBE2253F40,
5/24/2023,5/24/2023,4:21:39 PM,5/24/2023,4:21:40 PM,1227,10,50,FE,0,3004,RFC,ZB_PTP_BATCH,100,405,2,351,0,0,1634,2398,85DA2472087505E0E00645DBE2253F40,
5/24/2023,5/24/2023,4:21:39 PM,5/24/2023,4:21:41 PM,2448,10,112,FE,0,3004,RFC,ZB_PTP_BATCH,100,510,4,633,0,0,3775,2398,85DA2472087505E0E00645DBE2253F40,
5/24/2023,5/24/2023,4:21:39 PM,5/24/2023,4:21:42 PM,2510,10,102,FE,0,3004,RFC,ZB_PTP_BATCH,100,638,4,600,0,0,3397,2398,85DA2472087505E0E00645DBE2253F40,
5/24/2023,5/24/2023,4:21:37 PM,5/24/2023,4:21:43 PM,6166,30,292,FE,0,3004,RFC,ZB_PTP_BATCH,100,1218,10,1526,0,0,13891,2398,85DA2472087505E0E00645DBE2253F40,
5/24/2023,5/24/2023,4:21:46 PM,5/24/2023,4:21:47 PM,1249,10,51,FE,0,3004,RFC,ZB_PTP_BATCH,100,419,2,297,0,0,1673,2398,85DA2472087505E0E00645DBE2253F40,
5/24/2023,5/24/2023,4:23:15 PM,5/24/2023,4:23:17 PM,1292,20,84,FE,0,3004,RFC,VPIKH,100,288,2,511,0,0,1815,2398,252EF1033A3E05D0E00645DBE798F030,
5/24/2023,5/24/2023,4:23:13 PM,5/24/2023,4:23:18 PM,5562,3690,73,FE,0,,RFC,ZB_PTP_BATCH,100,168,0,0,0,0,7510,721114,9C72C0249A7905C0E00645DBE79F492F,
5/24/2023,5/24/2023,4:23:18 PM,5/24/2023,4:23:19 PM,1220,0,55,FE,0,3004,RFC,VPIKH,100,384,2,282,0,0,1948,2398,252EF1033A3E05D0E00645DBE798F030,
5/24/2023,5/24/2023,4:23:19 PM,5/24/2023,4:23:21 PM,1198,10,78,FE,0,3004,RFC,VPIKH,100,391,2,289,0,0,2034,2398,252EF1033A3E05D0E00645DBE798F030,
5/24/2023,5/24/2023,4:23:24 PM,5/24/2023,4:23:26 PM,1288,10,132,FE,0,3004,RFC,VPIKH,100,498,2,335,0,0,2036,2398,252EF1033A3E05D0E00645DBE798F030,
5/24/2023,5/24/2023,4:23:25 PM,5/24/2023,4:23:27 PM,1202,0,64,FE,0,3004,RFC,VPIKH,100,403,2,315,0,0,1932,2398,252EF1033A3E05D0E00645DBE798F030,
5/24/2023,5/24/2023,4:23:27 PM,5/24/2023,4:23:29 PM,2394,10,65,FE,0,3004,RFC,VPIKH,100,486,4,586,0,0,3226,2398,252EF1033A3E05D0E00645DBE798F030,
5/24/2023,5/24/2023,4:23:33 PM,5/24/2023,4:23:37 PM,3926,2920,68,FE,0,,RFC,ZB_PTP_BATCH,100,136,0,0,0,0,3528,721114,45a5f65cfa4f11edc61d0000080356c6,
5/24/2023,5/24/2023,4:23:35 PM,5/24/2023,4:23:37 PM,1315,10,99,FE,0,3004,RFC,RFC_PIR02RM,100,280,2,339,0,0,1908,2398,45a5f65cfa4f11edc61d0000080356c6,
5/24/2023,5/24/2023,4:23:47 PM,5/24/2023,4:23:48 PM,1271,10,134,FE,0,3004,RFC,RFC_PIR02RM,100,343,2,292,0,0,2970,2398,4b2b1872fa4f11edc5c10000084ad96d,
5/24/2023,5/24/2023,4:23:47 PM,5/24/2023,4:23:48 PM,1318,0,169,FE,0,3004,RFC,RFC_PIR02RM,100,336,2,549,0,0,1442,2398,4b2b1872fa4f11edc5c10000084ad96d,
5/24/2023,5/24/2023,4:23:48 PM,5/24/2023,4:23:50 PM,1239,10,70,FE,0,3004,RFC,RFC_PIR02RM,100,450,2,320,0,0,1688,2398,4b2b1872fa4f11edc5c10000084ad96d,
5/24/2023,5/24/2023,4:23:48 PM,5/24/2023,4:23:51 PM,2179,0,99,FE,0,3004,RFC,RFC_PIR02RM,100,419,2,324,0,0,1412,2398,4b2b1872fa4f11edc5c10000084ad96d,
5/24/2023,5/24/2023,4:23:50 PM,5/24/2023,4:23:51 PM,1209,10,159,FE,0,3004,RFC,RFC_PIR02RM,100,436,2,325,0,0,1679,2398,4b2b1872fa4f11edc5c10000084ad96d,
5/24/2023,5/24/2023,4:23:41 PM,5/24/2023,4:23:54 PM,12803,20,396,FE,0,3004,RFC,RFC_PIR02RM,100,2255,19,3126,0,0,24732,2398,4b2b1872fa4f11edc5c10000084ad96d,
5/24/2023,5/24/2023,4:23:53 PM,5/24/2023,4:23:55 PM,1240,0,158,FE,0,3004,RFC,RFC_PIR02RM,100,309,2,336,0,0,1628,2398,4b2b1872fa4f11edc5c10000084ad96d,
5/24/2023,5/24/2023,4:23:59 PM,5/24/2023,4:24:05 PM,6133,20,225,FE,0,3004,RFC,RFC_PIR02RM,100,1248,10,1618,0,0,8458,2398,4b2b1872fa4f11edc5c10000084ad96d,
5/24/2023,5/24/2023,4:24:07 PM,5/24/2023,4:24:08 PM,1238,10,130,FE,0,3004,RFC,RFC_PIR02RM,100,407,2,406,0,0,1726,2398,4b2b1872fa4f11edc5c10000084ad96d,
5/24/2023,5/24/2023,4:24:07 PM,5/24/2023,4:24:08 PM,1215,0,153,FE,0,3004,RFC,RFC_PIR02RM,100,431,2,332,0,0,1532,2398,4b2b1872fa4f11edc5c10000084ad96d,
5/24/2023,5/24/2023,4:24:08 PM,5/24/2023,4:24:09 PM,1206,20,226,FE,0,3004,RFC,RFC_PIR02RM,100,349,2,373,0,0,1656,2398,4b2b1872fa4f11edc5c10000084ad96d,
5/24/2023,5/24/2023,4:24:07 PM,5/24/2023,4:24:10 PM,3670,0,275,FE,0,3004,RFC,RFC_PIR02RM,100,927,6,959,0,0,5397,2398,4b2b1872fa4f11edc5c10000084ad96d,
5/24/2023,5/24/2023,4:24:10 PM,5/24/2023,4:24:12 PM,1296,10,118,FE,0,3004,RFC,RFC_PIR02RM,100,427,2,377,0,0,1981,2398,4b2b1872fa4f11edc5c10000084ad96d,
5/24/2023,5/24/2023,4:24:13 PM,5/24/2023,4:24:14 PM,1225,10,126,FE,0,3004,RFC,RFC_PIR02RM,100,479,2,360,0,0,1933,2398,4b2b1872fa4f11edc5c10000084ad96d,
5/24/2023,5/24/2023,4:24:18 PM,5/24/2023,4:24:19 PM,1225,10,46,FE,0,3004,RFC,RFC_PIR02RM,100,379,2,283,0,0,1656,2398,4b2b1872fa4f11edc5c10000084ad96d,
5/24/2023,5/24/2023,4:24:19 PM,5/24/2023,4:24:20 PM,1198,10,100,FE,0,3004,RFC,RFC_PIR02RM,100,293,2,287,0,0,1580,2398,4b2b1872fa4f11edc5c10000084ad96d,
5/24/2023,5/24/2023,4:24:20 PM,5/24/2023,4:24:21 PM,1202,10,50,FE,0,3004,RFC,RFC_PIR02RM,100,291,2,304,0,0,1648,2398,4b2b1872fa4f11edc5c10000084ad96d,
5/24/2023,5/24/2023,4:24:34 PM,5/24/2023,4:24:35 PM,1237,20,175,FE,0,3004,RFC,RFC_PIR02RM,100,504,2,363,0,0,1904,2398,6979a229fa4f11edb93b0000084ad96c,
5/24/2023,5/24/2023,4:24:35 PM,5/24/2023,4:24:36 PM,1224,0,157,FE,0,3004,RFC,RFC_PIR02RM,100,435,2,319,0,0,1721,2398,6979a229fa4f11edb93b0000084ad96c,
5/24/2023,5/24/2023,4:24:36 PM,5/24/2023,4:24:37 PM,1222,10,148,FE,0,3004,RFC,RFC_PIR02RM,100,322,2,363,0,0,1739,2398,6979a229fa4f11edb93b0000084ad96c,
5/24/2023,5/24/2023,4:24:43 PM,5/24/2023,4:24:44 PM,1279,0,81,FE,0,3004,RFC,RFC_PIR02RM,100,455,2,368,0,0,1657,2398,6979a229fa4f11edb93b0000084ad96c,
5/24/2023,5/24/2023,4:24:45 PM,5/24/2023,4:24:47 PM,1199,0,142,FE,0,3004,RFC,RFC_PIR02RM,100,354,2,285,0,0,3021,2398,6979a229fa4f11edb93b0000084ad96c,
5/24/2023,5/24/2023,4:24:47 PM,5/24/2023,4:24:48 PM,1244,0,132,FE,0,3004,RFC,RFC_PIR02RM,100,345,2,345,0,0,1677,2398,6979a229fa4f11edb93b0000084ad96c,
5/24/2023,5/24/2023,4:24:47 PM,5/24/2023,4:24:48 PM,1193,10,103,FE,0,3004,RFC,RFC_PIR02RM,100,456,2,313,0,0,1995,2398,6979a229fa4f11edb93b0000084ad96c,
5/24/2023,5/24/2023,4:24:49 PM,5/24/2023,4:24:50 PM,1205,0,87,FE,0,3004,RFC,RFC_PIR02RM,100,414,2,308,0,0,1849,2398,6979a229fa4f11edb93b0000084ad96c,
5/24/2023,5/24/2023,4:24:49 PM,5/24/2023,4:24:50 PM,1236,0,94,FE,0,3004,RFC,RFC_PIR02RM,100,426,2,308,0,0,1733,2398,6979a229fa4f11edb93b0000084ad96c,
5/24/2023,5/24/2023,4:24:50 PM,5/24/2023,4:24:51 PM,1228,0,71,FE,0,3004,RFC,RFC_PIR02RM,100,338,2,315,0,0,1828,2398,6979a229fa4f11edb93b0000084ad96c,
5/24/2023,5/24/2023,4:24:55 PM,5/24/2023,4:24:56 PM,1209,0,108,FE,0,3004,RFC,RFC_PIR02RM,100,453,2,318,0,0,2024,2398,6979a229fa4f11edb93b0000084ad96c,
5/24/2023,5/24/2023,4:24:59 PM,5/24/2023,4:25:00 PM,1235,0,148,FE,0,3004,RFC,RFC_PIR02RM,100,333,2,288,0,0,1707,2398,6979a229fa4f11edb93b0000084ad96c,
5/24/2023,5/24/2023,4:25:00 PM,5/24/2023,4:25:01 PM,1217,0,78,FE,0,3004,RFC,RFC_PIR02RM,100,355,2,331,0,0,1947,2398,6979a229fa4f11edb93b0000084ad96c,
5/24/2023,5/24/2023,4:25:11 PM,5/24/2023,4:25:12 PM,1243,10,164,FE,0,3004,RFC,RFC_PIR02RM,100,372,2,309,0,0,2007,2398,6979a229fa4f11edb93b0000084ad96c,
5/24/2023,5/24/2023,4:25:14 PM,5/24/2023,4:25:16 PM,1207,0,147,FE,0,3004,RFC,RFC_PIR02RM,100,376,2,315,0,0,1797,2398,6979a229fa4f11edb93b0000084ad96c,
5/24/2023,5/24/2023,4:25:00 PM,5/24/2023,4:25:17 PM,17605,50,297,FE,0,3004,RFC,RFC_PIR02RM,100,2731,27,4183,0,0,32055,2398,6979a229fa4f11edb93b0000084ad96c,
5/24/2023,5/24/2023,4:25:18 PM,5/24/2023,4:25:19 PM,1217,10,103,FE,0,3004,RFC,RFC_PIR02RM,100,366,2,378,0,0,1486,2398,6979a229fa4f11edb93b0000084ad96c,
5/24/2023,5/24/2023,4:25:18 PM,5/24/2023,4:25:21 PM,2407,10,141,FE,0,3004,RFC,RFC_PIR02RM,100,599,4,731,0,0,4094,2398,6979a229fa4f11edb93b0000084ad96c,
5/24/2023,5/24/2023,4:25:20 PM,5/24/2023,4:25:21 PM,1208,10,147,FE,0,3004,RFC,RFC_PIR02RM,100,439,2,305,0,0,1687,2398,6979a229fa4f11edb93b0000084ad96c,
5/24/2023,5/24/2023,4:25:17 PM,5/24/2023,4:25:22 PM,4909,10,168,FE,0,3004,RFC,RFC_PIR02RM,100,1202,8,1187,0,0,7343,2398,6979a229fa4f11edb93b0000084ad96c,
5/24/2023,5/24/2023,4:25:24 PM,5/24/2023,4:25:27 PM,2495,10,128,FE,0,3004,RFC,RFC_PIR02RM,100,604,4,593,0,0,3754,2398,6979a229fa4f11edb93b0000084ad96c,
5/24/2023,5/24/2023,4:25:27 PM,5/24/2023,4:25:28 PM,1214,0,136,FE,0,3004,RFC,RFC_PIR02RM,100,418,2,289,0,0,1859,2398,6979a229fa4f11edb93b0000084ad96c,
5/24/2023,5/24/2023,4:25:27 PM,5/24/2023,4:25:29 PM,1219,10,156,FE,0,3004,RFC,RFC_PIR02RM,100,373,2,309,0,0,1687,2398,6979a229fa4f11edb93b0000084ad96c,
5/24/2023,5/24/2023,4:25:27 PM,5/24/2023,4:25:29 PM,1246,10,106,FE,0,3004,RFC,RFC_PIR02RM,100,389,2,293,0,0,1941,2398,6979a229fa4f11edb93b0000084ad96c,
5/24/2023,5/24/2023,4:25:29 PM,5/24/2023,4:25:30 PM,1222,0,70,FE,0,3004,RFC,RFC_PIR02RM,100,327,2,328,0,0,1909,2398,6979a229fa4f11edb93b0000084ad96c,
5/24/2023,5/24/2023,4:25:33 PM,5/24/2023,4:25:34 PM,1243,10,105,FE,0,3004,RFC,RFC_PIR02RM,100,400,2,313,0,0,2074,2398,6979a229fa4f11edb93b0000084ad96c,
5/24/2023,5/24/2023,4:25:34 PM,5/24/2023,4:25:35 PM,1254,10,139,FE,0,3004,RFC,RFC_PIR02RM,100,298,2,360,0,0,1989,2398,6979a229fa4f11edb93b0000084ad96c,
5/24/2023,5/24/2023,4:25:43 PM,5/24/2023,4:25:44 PM,1216,20,107,FE,0,3004,RFC,RFC_PIR02RM,100,293,2,351,0,0,1838,2398,6979a229fa4f11edb93b0000084ad96c,
5/24/2023,5/24/2023,4:25:44 PM,5/24/2023,4:25:45 PM,1215,10,117,FE,0,3004,RFC,RFC_PIR02RM,100,439,2,328,0,0,1926,2398,6979a229fa4f11edb93b0000084ad96c,
5/24/2023,5/24/2023,4:25:50 PM,5/24/2023,4:25:51 PM,1255,10,84,FE,0,3004,RFC,RFC_PIR02RM,100,324,2,360,0,0,1725,2398,6979a229fa4f11edb93b0000084ad96c,
5/24/2023,5/24/2023,4:25:52 PM,5/24/2023,4:25:53 PM,1202,10,82,FE,0,3004,RFC,RFC_PIR02RM,100,309,2,342,0,0,1551,2398,6979a229fa4f11edb93b0000084ad96c,
5/24/2023,5/24/2023,4:25:57 PM,5/24/2023,4:25:58 PM,1238,10,140,FE,0,3004,RFC,RFC_PIR02RM,100,343,2,343,0,0,2012,2398,6979a229fa4f11edb93b0000084ad96c,
5/24/2023,5/24/2023,4:25:58 PM,5/24/2023,4:25:59 PM,1211,0,170,FE,0,3004,RFC,RFC_PIR02RM,100,299,2,294,0,0,1778,2398,6979a229fa4f11edb93b0000084ad96c,
5/24/2023,5/24/2023,4:25:59 PM,5/24/2023,4:26:00 PM,1213,20,97,FE,0,3004,RFC,RFC_PIR02RM,100,319,2,312,0,0,1892,2398,6979a229fa4f11edb93b0000084ad96c,
5/24/2023,5/24/2023,4:26:00 PM,5/24/2023,4:26:03 PM,2418,10,124,FE,0,3004,RFC,RFC_PIR02RM,100,682,4,593,0,0,3667,2398,6979a229fa4f11edb93b0000084ad96c,
5/24/2023,5/24/2023,4:26:04 PM,5/24/2023,4:26:05 PM,1236,10,141,FE,0,3004,RFC,RFC_PIR02RM,100,319,2,362,0,0,1628,2398,6979a229fa4f11edb93b0000084ad96c,
5/24/2023,5/24/2023,4:26:05 PM,5/24/2023,4:26:07 PM,1233,0,119,FE,0,3004,RFC,RFC_PIR02RM,100,310,2,306,0,0,1762,2398,6979a229fa4f11edb93b0000084ad96c,
5/24/2023,5/24/2023,4:26:27 PM,5/24/2023,4:26:28 PM,1216,10,118,FE,0,3004,RFC,RFC_PIR02RM,100,421,2,338,0,0,1641,2398,6979a229fa4f11edb93b0000084ad96c,
5/24/2023,5/24/2023,4:26:28 PM,5/24/2023,4:26:29 PM,1240,10,50,FE,0,3004,RFC,RFC_PIR02RM,100,455,2,354,0,0,1788,2398,6979a229fa4f11edb93b0000084ad96c,
5/24/2023,5/24/2023,4:26:27 PM,5/24/2023,4:26:29 PM,2502,20,180,FE,0,3004,RFC,RFC_PIR02RM,100,558,4,687,0,0,3557,2398,6979a229fa4f11edb93b0000084ad96c,
5/24/2023,5/24/2023,4:26:29 PM,5/24/2023,4:26:30 PM,1211,10,49,FE,0,3004,RFC,RFC_PIR02RM,100,313,2,294,0,0,2045,2398,6979a229fa4f11edb93b0000084ad96c,
5/24/2023,5/24/2023,4:26:35 PM,5/24/2023,4:26:37 PM,1383,10,110,FE,0,3004,RFC,RFC_PIR02RM,100,398,2,315,0,0,1606,2398,6979a229fa4f11edb93b0000084ad96c,
5/24/2023,5/24/2023,4:26:38 PM,5/24/2023,4:26:39 PM,1217,10,59,FE,0,3004,RFC,RFC_PIR02RM,100,398,2,317,0,0,2895,2398,6979a229fa4f11edb93b0000084ad96c,
5/24/2023,5/24/2023,4:26:40 PM,5/24/2023,4:26:42 PM,2319,10,136,FE,0,3004,RFC,RFC_PIR02RM,100,331,2,386,0,0,1647,2398,6979a229fa4f11edb93b0000084ad96c,
5/24/2023,5/24/2023,4:26:43 PM,5/24/2023,4:26:45 PM,1219,10,113,FE,0,3004,RFC,RFC_PIR02RM,100,363,2,329,0,0,1917,2398,6979a229fa4f11edb93b0000084ad96c,
5/24/2023,5/24/2023,4:26:46 PM,5/24/2023,4:26:47 PM,1219,10,123,FE,0,3004,RFC,RFC_PIR02RM,100,395,2,287,0,0,1957,2398,6979a229fa4f11edb93b0000084ad96c,
5/24/2023,5/24/2023,4:26:47 PM,5/24/2023,4:26:48 PM,1220,0,178,FE,0,3004,RFC,RFC_PIR02RM,100,433,2,359,0,0,1756,2398,6979a229fa4f11edb93b0000084ad96c,
5/24/2023,5/24/2023,4:26:53 PM,5/24/2023,4:26:54 PM,1204,10,130,FE,0,3004,RFC,RFC_PIR02RM,100,331,2,298,0,0,1891,2398,6979a229fa4f11edb93b0000084ad96c,
5/24/2023,5/24/2023,4:26:53 PM,5/24/2023,4:26:56 PM,2426,10,131,FE,0,3004,RFC,RFC_PIR02RM,100,583,4,586,0,0,3658,2398,6979a229fa4f11edb93b0000084ad96c,
5/24/2023,5/24/2023,4:27:02 PM,5/24/2023,4:27:03 PM,1230,0,140,FE,0,3004,RFC,RFC_PIR02RM,100,437,2,385,0,0,2276,2398,6979a229fa4f11edb93b0000084ad96c,
5/24/2023,5/24/2023,4:27:06 PM,5/24/2023,4:27:08 PM,1248,10,100,FE,0,3004,RFC,RFC_PIR02RM,100,419,2,308,0,0,1803,2398,6979a229fa4f11edb93b0000084ad96c,
5/24/2023,5/24/2023,4:27:25 PM,5/24/2023,4:27:28 PM,2405,10,109,FE,0,3004,RFC,RFC_PIR02RM,100,535,4,634,0,0,3342,2398,c961eb4dfa4f11edbab50000084ad96a,
5/24/2023,5/24/2023,4:27:27 PM,5/24/2023,4:27:28 PM,1216,10,104,FE,0,3004,RFC,RFC_PIR02RM,100,317,2,386,0,0,2028,2398,c961eb4dfa4f11edbab50000084ad96a,
5/24/2023,5/24/2023,4:27:29 PM,5/24/2023,4:27:30 PM,1221,0,34,FE,0,3004,RFC,RFC_PIR02RM,100,394,2,291,0,0,1782,2398,c961eb4dfa4f11edbab50000084ad96a,
5/24/2023,5/24/2023,4:27:30 PM,5/24/2023,4:27:31 PM,1206,0,105,FE,0,3004,RFC,RFC_PIR02RM,100,566,2,326,0,0,1959,2398,c961eb4dfa4f11edbab50000084ad96a,
5/24/2023,5/24/2023,4:27:31 PM,5/24/2023,4:27:32 PM,1227,0,70,FE,0,3004,RFC,RFC_PIR02RM,100,331,2,323,0,0,1734,2398,c961eb4dfa4f11edbab50000084ad96a,
5/24/2023,5/24/2023,4:27:31 PM,5/24/2023,4:27:33 PM,2201,10,113,FE,0,3004,RFC,RFC_PIR02RM,100,437,2,344,0,0,1526,2398,c961eb4dfa4f11edbab50000084ad96a,
5/24/2023,5/24/2023,4:27:36 PM,5/24/2023,4:27:37 PM,1218,10,61,FE,0,3004,RFC,RFC_PIR02RM,100,316,2,304,0,0,1592,2398,c961eb4dfa4f11edbab50000084ad96a,
5/24/2023,5/24/2023,4:27:37 PM,5/24/2023,4:27:38 PM,1221,10,101,FE,0,3004,RFC,RFC_PIR02RM,100,419,2,308,0,0,1614,2398,c961eb4dfa4f11edbab50000084ad96a,
5/24/2023,5/24/2023,4:27:37 PM,5/24/2023,4:27:39 PM,1255,0,90,FE,0,3004,RFC,RFC_PIR02RM,100,302,2,325,0,0,1808,2398,c961eb4dfa4f11edbab50000084ad96a,
5/24/2023,5/24/2023,4:27:38 PM,5/24/2023,4:27:39 PM,1212,10,212,FE,0,3004,RFC,RFC_PIR02RM,100,345,2,341,0,0,1660,2398,c961eb4dfa4f11edbab50000084ad96a,
5/24/2023,5/24/2023,4:27:40 PM,5/24/2023,4:27:43 PM,2389,20,196,FE,0,3004,RFC,RFC_PIR02RM,100,772,4,649,0,0,3218,2398,c961eb4dfa4f11edbab50000084ad96a,
5/24/2023,5/24/2023,4:27:40 PM,5/24/2023,4:27:43 PM,3589,10,136,FE,0,3004,RFC,RFC_PIR02RM,100,798,6,901,0,0,5067,2398,c961eb4dfa4f11edbab50000084ad96a,
5/24/2023,5/24/2023,4:27:51 PM,5/24/2023,4:27:52 PM,1206,0,147,FE,0,3004,RFC,RFC_PIR02RM,100,516,2,338,0,0,1535,2398,c961eb4dfa4f11edbab50000084ad96a,
5/24/2023,5/24/2023,4:27:52 PM,5/24/2023,4:27:54 PM,1225,20,114,FE,0,3004,RFC,RFC_PIR02RM,100,399,2,295,0,0,2037,2398,c961eb4dfa4f11edbab50000084ad96a,
5/24/2023,5/24/2023,4:27:51 PM,5/24/2023,4:27:54 PM,2401,0,77,FE,0,3004,RFC,RFC_PIR02RM,100,450,4,587,0,0,3704,2398,c961eb4dfa4f11edbab50000084ad96a,
5/24/2023,5/24/2023,4:27:58 PM,5/24/2023,4:27:59 PM,1209,10,157,FE,0,3004,RFC,RFC_PIR02RM,100,311,2,352,0,0,1682,2398,e63f1fb5fa4f11eda0200000084ad96a,
5/24/2023,5/24/2023,4:28:47 PM,5/24/2023,4:28:51 PM,3486,0,119,FE,0,3004,RFC,CODINTEG,100,391,2,313,0,0,2466,2398,ABBC1359D1071EDDBEC9EFD251A61245,
5/24/2023,5/24/2023,4:28:51 PM,5/24/2023,4:28:53 PM,1891,20,170,FE,0,3004,RFC,SAP_WFRT,100,340,1,206,0,0,2014,2398,ABBC1359D1071EDDBEC9EFD251A61245,
5/24/2023,5/24/2023,4:43:45 PM,5/24/2023,4:43:46 PM,1143,140,74,FE,1,,RFC,TMSADM,0,187,1,387,0,0,16471,6394,C7D087DEBCBB0290E006465A0F57F213,
5/24/2023,5/24/2023,4:43:45 PM,5/24/2023,4:43:46 PM,1197,20,81,FE,0,,RFC,SMTMP01,100,210,1,239,0,0,9647,2398,C7D087DEBCBB0290E006465A0F57F213,
5/24/2023,5/24/2023,4:50:42 PM,5/24/2023,4:50:43 PM,1084,130,79,FE,0,,RFC,TMSADM,0,179,1,300,0,0,15457,6394,C7D087DEBCBB02B0E006465A0F5D694B,
5/24/2023,5/24/2023,4:50:42 PM,5/24/2023,4:50:43 PM,1139,10,65,FE,0,,RFC,SMTMP01,100,96,1,209,0,0,8057,2398,C7D087DEBCBB02B0E006465A0F5D694B,
5/24/2023,5/24/2023,4:55:36 PM,5/24/2023,4:55:40 PM,3678,1020,30,FE,0,,RFC,TMSADM,0,65,1,457,0,0,13533,14673,85DA2472087503B0E00646A18B145150,
5/24/2023,5/24/2023,4:56:10 PM,5/24/2023,4:56:14 PM,3624,1030,90,FE,0,,RFC,TMSADM,0,248,1,277,0,0,14467,14673,85DA247208750370E00645DBE21A0628,
5/24/2023,5/24/2023,4:57:24 PM,5/24/2023,4:57:27 PM,3628,1060,103,FE,0,,RFC,TMSADM,0,240,1,257,0,0,12154,10581,85DA247208750370E00645DBE21A062F,
5/24/2023,5/24/2023,5:00:12 PM,5/24/2023,5:00:17 PM,4555,20,131,FE,0,3004,RFC,ZB_OTC_BATCH,100,221,1,188,0,0,1763,2398,9C72C0249A790620E00645DBE790F322,
5/24/2023,5/24/2023,5:00:19 PM,5/24/2023,5:00:32 PM,12978,10,120,FE,0,3004,RFC,ZB_OTC_BATCH,100,555,1,175,0,0,2327,2398,9C72C0249A790620E00645DBE790F323,
5/24/2023,5/24/2023,5:00:22 PM,5/24/2023,5:00:34 PM,11815,10,183,FE,0,3004,RFC,ZB_OTC_BATCH,100,461,1,175,0,0,2888,2398,9C72C0249A790610E00645DBE7906271,
5/24/2023,5/24/2023,5:01:04 PM,5/24/2023,5:01:06 PM,2395,40,0,FE,1,,RFC,E0CAM,100,163,0,0,0,0,5366,8125,A347C522F0634F47A7B5E84FD0F89B50,
5/24/2023,5/24/2023,5:01:09 PM,5/24/2023,5:01:19 PM,9587,1240,56,FE,1,,RFC,E0CAM,100,163,0,0,0,0,0,32276,23C4D382C85E4A1EB6E0702D5B93A2DE,
5/24/2023,5/24/2023,5:02:25 PM,5/24/2023,5:02:26 PM,1174,170,77,FE,0,,RFC,VEGFX,100,248,0,0,0,0,0,16371,8A44224AB4DB4882B8D73A7B31133E56,
5/24/2023,5/24/2023,5:06:10 PM,5/24/2023,5:06:13 PM,2302,40,78,FE,1,,RFC,E0CAM,100,68,0,0,0,0,2455,8125,C9AE9837AE7047A48B1DDA03182A3994,
5/24/2023,5/24/2023,5:09:50 PM,5/24/2023,5:09:51 PM,1158,10,53,FE,0,3004,RFC,RFC_PIR02OTC,100,404,1,161,0,0,2335,2398,9C72C0249A790610E00645DBE7906274,
5/24/2023,5/24/2023,5:11:23 PM,5/24/2023,5:11:25 PM,2330,40,114,FE,1,,RFC,E0CAM,100,555,0,0,0,0,2717,8125,3F65D9A8D3FC4F7EA84D3A4C489764C5,
5/24/2023,5/24/2023,5:11:26 PM,5/24/2023,5:11:28 PM,1096,140,65,FE,0,,RFC,TMSADM,0,181,1,361,0,0,16765,6394,C7D087DEBCBB02A0E006465A0F4EE82D,
5/24/2023,5/24/2023,5:11:26 PM,5/24/2023,5:11:28 PM,1142,20,91,FE,0,,RFC,SMTMP01,100,555,1,406,0,0,8619,2398,C7D087DEBCBB02A0E006465A0F4EE82D,
5/24/2023,5/24/2023,5:16:35 PM,5/24/2023,5:16:37 PM,2290,40,75,FE,1,,RFC,E0CAM,100,184,0,0,0,0,2715,8125,0C7AE16FB99644479A438B948C0E0C72,
5/24/2023,5/24/2023,5:28:03 PM,5/24/2023,5:28:05 PM,2261,30,104,FE,1,,RFC,E0CAM,100,170,0,0,0,0,2863,8125,A7363C42EA034F3EB920346F35889B6D,
5/24/2023,5/24/2023,5:30:00 PM,5/24/2023,5:30:02 PM,2299,1750,0,FE,0,,RFC,RFC_O_HAMB,100,170,1,285,0,0,3885,20391,901FE846853101B0E00645DBE2095E38,
5/24/2023,5/24/2023,5:30:00 PM,5/24/2023,5:30:02 PM,2305,1750,90,FE,1,,RFC,RFC_O_HAMB,100,181,1,283,0,0,3201,20391,901FE84685310150E00645DBE20565F5,
5/24/2023,5/24/2023,5:32:13 PM,5/24/2023,5:32:15 PM,2315,1760,0,FE,0,,RFC,RFC_O_HAMB,100,230,1,322,0,0,0,20390,901FE84685310160E00645DBE20B9D15,
5/24/2023,5/24/2023,5:34:17 PM,5/24/2023,5:34:19 PM,2308,20,112,FE,1,,RFC,E0CAM,100,109,0,0,0,0,2639,8125,163B2C033A944082A3A414C642799749,
5/24/2023,5/24/2023,5:36:51 PM,5/24/2023,5:37:01 PM,10243,120,182,FE,0,3004,RFC,VEGFX,100,2537,11,2372,0,0,4706,16312,8CF024620791491583CF608C5B21307C,
5/24/2023,5/24/2023,5:37:02 PM,5/24/2023,5:37:05 PM,3431,20,160,FE,0,3004,RFC,CODINTEG,100,648,1,190,0,0,2792,2398,ABBC1359D1071EEDBECB2DDD1A21119A,
5/24/2023,5/24/2023,5:37:05 PM,5/24/2023,5:37:07 PM,1822,10,0,FE,0,3004,RFC,SAP_WFRT,100,272,1,234,0,0,2538,2398,ABBC1359D1071EEDBECB2DDD1A21119A,
5/24/2023,5/24/2023,5:42:47 PM,5/24/2023,5:42:49 PM,2531,1240,99,FE,1,3004,RFC,ZB_BC_BATCH,0,138,1,31,0,0,1262641,2398,EC969F7E0E6C04F0E00645DBE1FEBA27,
5/24/2023,5/24/2023,5:43:10 PM,5/24/2023,5:43:11 PM,1005,300,73,FE,0,3004,RFC,ZB_BC_BATCH,0,194,0,0,0,0,13991,51442,85DA2472087504E0E00645DBE22AED0E,
5/24/2023,5/24/2023,5:43:15 PM,5/24/2023,5:43:19 PM,4640,10,71,FE,0,3004,RFC,CODINTEG,100,478,2,288,0,0,2572,2398,977CD57A34241EDDBECADCBE393B16E4,
5/24/2023,5/24/2023,5:45:10 PM,5/24/2023,5:45:11 PM,1068,860,81,FE,0,,RFC,RFC_MDGR02,100,479,0,0,0,0,0,4092,71436F95DF410310E00645DBE23FAB63,
5/24/2023,5/24/2023,5:45:22 PM,5/24/2023,5:45:23 PM,1723,0,54,FE,0,3004,RFC,RFC_MDGR02,100,342,1,176,0,0,2421,2398,71436F95DF410290E00645DBE23EE99C,
5/24/2023,5/24/2023,5:49:48 PM,5/24/2023,5:49:49 PM,1692,790,69,FE,0,,RFC,CODINTEG,100,191,0,0,0,0,0,16260,977CD57A34241EEDBECB6693B6B063DE,
5/24/2023,5/24/2023,5:49:48 PM,5/24/2023,5:49:50 PM,1735,790,41,FE,0,,RFC,CODINTEG,100,196,0,0,0,0,0,16260,977CD57A34241EEDBECB6693B6B063DE,
5/24/2023,5/24/2023,5:49:48 PM,5/24/2023,5:49:50 PM,1742,770,50,FE,0,,RFC,CODINTEG,100,165,0,0,0,0,0,16260,977CD57A34241EEDBECB6693B6B063DE,
5/24/2023,5/24/2023,5:49:48 PM,5/24/2023,5:49:50 PM,1814,800,67,FE,0,,RFC,CODINTEG,100,92,0,0,0,0,0,16312,977CD57A34241EEDBECB6693B6B063DE,
5/24/2023,5/24/2023,5:49:48 PM,5/24/2023,5:49:50 PM,1849,820,83,FE,0,,RFC,CODINTEG,100,83,0,0,0,0,0,16260,977CD57A34241EEDBECB6693B6B063DE,
5/24/2023,5/24/2023,5:58:28 PM,5/24/2023,5:58:29 PM,1044,140,54,FE,0,,RFC,TMSADM,0,186,1,424,0,0,17354,8088,C7D087DEBCBB0250E006465A0F5933E3,
5/24/2023,5/24/2023,5:58:28 PM,5/24/2023,5:58:29 PM,1108,20,84,FE,0,,RFC,SMTMP01,100,442,1,362,0,0,15740,2398,C7D087DEBCBB0250E006465A0F5933E3,
5/24/2023,5/24/2023,5:59:56 PM,5/24/2023,5:59:57 PM,1204,20,82,FE,0,,RFC,SMTMP01,100,183,1,349,0,0,9566,2398,C7D087DEBCBB0260E006465A0F558CD7,
5/24/2023,5/24/2023,5:59:56 PM,5/24/2023,5:59:57 PM,1157,150,105,FE,0,,RFC,TMSADM,0,153,1,361,0,0,18283,8088,C7D087DEBCBB0260E006465A0F558CD7,
5/24/2023,5/24/2023,12:04:52 PM,5/24/2023,12:04:54 PM,1950,980,72,FE,0,,RFC,RFC_PIR02OTC,100,146,0,0,0,0,0,53119,2e36cc98fa2b11ed81180000084ad96a,
5/24/2023,5/24/2023,12:04:52 PM,5/24/2023,12:04:54 PM,2024,1050,71,FE,0,,RFC,RFC_PIR02OTC,100,208,0,0,0,0,0,53119,2e36cc98fa2b11ed81180000084ad96a,
5/24/2023,5/24/2023,12:04:52 PM,5/24/2023,12:04:54 PM,2013,1020,107,FE,0,,RFC,RFC_PIR02OTC,100,151,0,0,0,0,0,53119,2e36cc98fa2b11ed81180000084ad96a,
5/24/2023,5/24/2023,12:04:52 PM,5/24/2023,12:04:55 PM,2462,1180,70,FE,0,,RFC,RFC_PIR02OTC,100,167,0,0,0,0,0,53119,2e36cc98fa2b11ed81180000084ad96a,
5/24/2023,5/24/2023,12:04:52 PM,5/24/2023,12:04:56 PM,3619,1080,72,FE,0,,RFC,RFC_PIR02OTC,100,223,0,0,0,0,0,53119,2e36cc98fa2b11ed81180000084ad96a,
5/24/2023,5/24/2023,12:05:22 PM,5/24/2023,12:05:23 PM,1632,890,45,FE,0,,RFC,RFC_PIR02OTC,100,195,0,0,0,0,0,28569,3f01af56fa2b11edae810000080356c9,
5/24/2023,5/24/2023,12:05:22 PM,5/24/2023,12:05:23 PM,1645,900,73,FE,0,,RFC,RFC_PIR02OTC,100,82,0,0,0,0,0,28569,3f01af56fa2b11edae810000080356c9,
5/24/2023,5/24/2023,12:05:22 PM,5/24/2023,12:05:24 PM,2218,990,64,FE,0,,RFC,RFC_PIR02OTC,100,154,0,0,0,0,0,28569,3f01af56fa2b11edae810000080356c9,
5/24/2023,5/24/2023,12:05:47 PM,5/24/2023,12:05:49 PM,2326,1330,64,FE,0,,RFC,RFC_PIR02OTC,100,159,0,0,0,0,0,16256,4ef300b5fa2b11ed86c50000084ad96a,
5/24/2023,5/24/2023,12:05:47 PM,5/24/2023,12:05:49 PM,2326,1210,56,FE,0,,RFC,RFC_PIR02OTC,100,153,0,0,0,0,0,16256,4ef300b5fa2b11ed86c50000084ad96a,
5/24/2023,5/24/2023,12:05:47 PM,5/24/2023,12:05:49 PM,2360,1250,77,FE,0,,RFC,RFC_PIR02OTC,100,163,0,0,0,0,0,16256,4ef300b5fa2b11ed86c50000084ad96a,
5/24/2023,5/24/2023,12:05:47 PM,5/24/2023,12:05:49 PM,2393,1270,62,FE,0,,RFC,RFC_PIR02OTC,100,123,0,0,0,0,0,16256,4ef300b5fa2b11ed86c50000084ad96a,
5/24/2023,5/24/2023,12:05:57 PM,5/24/2023,12:05:59 PM,2156,1100,60,FE,0,,RFC,RFC_PIR02OTC,100,212,0,0,0,0,0,16256,557b9277fa2b11eda89d0000080356c6,
5/24/2023,5/24/2023,12:05:57 PM,5/24/2023,12:06:00 PM,2293,1190,63,FE,0,,RFC,RFC_PIR02OTC,100,151,0,0,0,0,0,20348,557b9277fa2b11eda89d0000080356c6,
5/24/2023,5/24/2023,12:05:57 PM,5/24/2023,12:06:00 PM,2332,1220,42,FE,0,,RFC,RFC_PIR02OTC,100,159,0,0,0,0,0,20348,557b9277fa2b11eda89d0000080356c6,
5/24/2023,5/24/2023,12:05:57 PM,5/24/2023,12:06:00 PM,3022,1150,61,FE,0,,RFC,RFC_PIR02OTC,100,154,0,0,0,0,0,20348,557b9277fa2b11eda89d0000080356c6,
5/24/2023,5/24/2023,12:06:19 PM,5/24/2023,12:06:21 PM,2246,1290,63,FE,0,,RFC,RFC_PIR02OTC,100,348,0,0,0,0,0,16256,60ba4f37fa2b11ed8ae90000080356cb,
5/24/2023,5/24/2023,12:06:19 PM,5/24/2023,12:06:21 PM,2328,1170,59,FE,0,,RFC,RFC_PIR02OTC,100,153,0,0,0,0,0,16256,60ba4f37fa2b11ed8ae90000080356cb,
5/24/2023,5/24/2023,12:06:19 PM,5/24/2023,12:06:21 PM,2400,1210,65,FE,0,,RFC,RFC_PIR02OTC,100,82,0,0,0,0,0,16256,60ba4f37fa2b11ed8ae90000080356cb,
5/24/2023,5/24/2023,12:06:19 PM,5/24/2023,12:06:21 PM,2411,1270,56,FE,0,,RFC,RFC_PIR02OTC,100,140,0,0,0,0,0,16256,60ba4f37fa2b11ed8ae90000080356cb,
5/24/2023,5/24/2023,12:08:47 PM,5/24/2023,12:08:49 PM,2022,1000,67,FE,0,,RFC,RFC_PIR02OTC,100,159,0,0,0,0,0,20398,ad438aa3fa2b11edbb9e0000084ad96c,
5/24/2023,5/24/2023,12:08:47 PM,5/24/2023,12:08:49 PM,2029,1060,45,FE,0,,RFC,RFC_PIR02OTC,100,179,0,0,0,0,0,20398,ad438aa3fa2b11edbb9e0000084ad96c,
5/24/2023,5/24/2023,12:08:47 PM,5/24/2023,12:08:49 PM,2174,1300,90,FE,0,,RFC,RFC_PIR02OTC,100,69,0,0,0,0,0,20398,ad438aa3fa2b11edbb9e0000084ad96c,
5/24/2023,5/24/2023,12:08:47 PM,5/24/2023,12:08:49 PM,2311,1320,64,FE,0,,RFC,RFC_PIR02OTC,100,212,0,0,0,0,0,20398,ad438aa3fa2b11edbb9e0000084ad96c,
5/24/2023,5/24/2023,12:08:47 PM,5/24/2023,12:08:49 PM,2695,1350,76,FE,0,,RFC,RFC_PIR02OTC,100,123,0,0,0,0,0,20398,ad438aa3fa2b11edbb9e0000084ad96c,
5/24/2023,5/24/2023,12:08:49 PM,5/24/2023,12:08:51 PM,1518,800,87,FE,0,,RFC,RFC_PIR02OTC,100,69,0,0,0,0,0,16303,ad438aa3fa2b11edbb9e0000084ad96c,
5/24/2023,5/24/2023,12:08:49 PM,5/24/2023,12:08:51 PM,1556,780,69,FE,0,,RFC,RFC_PIR02OTC,100,179,0,0,0,0,0,16303,ad438aa3fa2b11edbb9e0000084ad96c,
5/24/2023,5/24/2023,12:08:49 PM,5/24/2023,12:08:51 PM,1576,790,48,FE,0,,RFC,RFC_PIR02OTC,100,212,0,0,0,0,0,16303,ad438aa3fa2b11edbb9e0000084ad96c,
5/24/2023,5/24/2023,12:08:49 PM,5/24/2023,12:08:51 PM,1781,790,68,FE,0,,RFC,RFC_PIR02OTC,100,123,0,0,0,0,0,16303,ad438aa3fa2b11edbb9e0000084ad96c,
5/24/2023,5/24/2023,12:10:56 PM,5/24/2023,12:10:58 PM,1496,10,55,FE,0,3004,RFC,VMTC9,100,298,1,176,0,0,4097,2398,252EF1033A3E0630E00645DBE7AABC3E,
5/24/2023,5/24/2023,12:15:10 PM,5/24/2023,12:15:11 PM,1170,820,86,FE,0,,RFC,RFC_MDGR02,100,163,0,0,0,0,0,4092,71436F95DF4103A0E00645DBE23FE291,
5/24/2023,5/24/2023,12:38:46 PM,5/24/2023,12:38:48 PM,1835,950,82,FE,0,,RFC,RFC_PIR02OTC,100,352,0,0,0,0,0,20398,ff3e8eb1fa2d11eda2630000080356c8,
5/24/2023,5/24/2023,12:38:46 PM,5/24/2023,12:38:48 PM,2025,930,72,FE,0,,RFC,RFC_PIR02OTC,100,69,0,0,0,0,0,20398,ff3e8eb1fa2d11eda2630000080356c8,
